split,source,metric,value
calibration,best_member,rmse,0.9265
calibration,best_member,pearson,0.8461
calibration,best_member,kendall,0.6
calibration,best_member,bias_beta,0.0164
calibration,best_member,variability_alpha,0.0694
calibration,ensemble_mean,rmse,1.263
calibration,ensemble_mean,pearson,0.7043
calibration,ensemble_mean,kendall,0.5111
calibration,ensemble_mean,bias_beta,0.0135
calibration,ensemble_mean,variability_alpha,0.0462
validation,best_member,rmse,1.4155
validation,best_member,pearson,-1.0
validation,best_member,kendall,-1.0
validation,best_member,bias_beta,0.0689
validation,best_member,variability_alpha,0.6206
validation,ensemble_mean,rmse,1.5001
validation,ensemble_mean,pearson,-1.0
validation,ensemble_mean,kendall,-1.0
validation,ensemble_mean,bias_beta,0.0819
validation,ensemble_mean,variability_alpha,0.6118
