parameter,min,lb,mean,median,ub,max,std,cv
Density,0.4002184636898284,0.4106337091010826,0.6491496360102516,0.6266438214419271,0.8464659446651643,0.8502057200250979,0.13264382849440226,-0.07140873668022142
Prop: Tab Acro,0.15848181283822776,0.15985357962417251,0.4377720546490543,0.3456580631482602,0.8142769856351437,0.86614196230589,0.25672538871210177,0.08928758585548398
Prop: Cor Acro,0.09539512322321386,0.18501631749186362,0.8729392715347457,0.7801943064928455,2.175082653393599,2.446240356400518,0.6315510064878772,0.195192253173144
Prop: Cor non-Acro,0.09732817953992765,0.10339172236867804,0.46797597734948293,0.49164344099178303,1.0618724988678947,1.1432011787951304,0.31541031991414026,0.1276891752192636
Prop: Sm Mass,-0.013596863147506428,0.015504421038657552,0.2914637863843247,0.3051483009602975,0.7770009623373438,0.928234080025673,0.22587552962563678,0.12759866081200233
Prop: Lg Mass,0.33872935500576207,0.4621578435578165,1.8071608100456795,1.7761834835803967,2.9748289230180402,2.9511726863671783,0.9706270706550107,0.11916017988996445
Size μ: Tab Acro,0.14828368187783192,0.21500436111315566,0.9412083158968338,0.9176455601418707,1.6401550536511806,1.7791219824785585,0.45088519485240747,0.06716251959719426
Size μ: Cor Acro,0.1366818982443626,0.14536514587024227,0.32461657585992276,0.3074312374534768,0.47936327985336996,0.4908345036482169,0.1199076656697086,0.004347966605622492
Size μ: Cor non-Acro,0.19695810884734272,0.2080005638415759,0.487767534650183,0.48795281754289277,0.6716859592219067,0.6815873293583616,0.19829226243652923,0.020718881002270255
Size μ: Sm Mass,0.14111311112011488,0.19408634866774913,1.2202320429252407,1.3133732765873691,2.4630833781290002,2.719525562185415,0.7090890313197205,0.13376289384773904
Size μ: Lg Mass,1.0906813707410894,1.2237769498866347,2.931344875902336,2.8257986062241573,5.493553064459276,5.7793529489052755,1.351051811870474,0.07546966732964436
Size σ: Tab Acro,0.09823096163437083,0.12329763683436645,0.31670252020130624,0.3499807354286893,0.41808349333027317,0.42006491606076,0.08541352430866399,-0.02771376614447575
Size σ: Cor Acro,-0.007118884759942588,0.0037150172332754026,0.10617652570242464,0.1424700687026671,0.1625410920768826,0.1842399076619847,0.0357640770191301,-0.0027621901061973815
Size σ: Cor non-Acro,0.1140503226861207,0.13035622126357502,0.21898127207105858,0.29331737607004565,0.20175568930397828,0.22396231981720152,0.015492684919001652,-0.07169555623864672
Size σ: Sm Mass,0.553477784286625,0.6034723577825959,1.1626599341672814,1.057481070212549,2.0111180249009104,2.1233696085146376,0.43926030194211,0.012747082627012962
Size σ: Lg Mass,0.2834873605858831,0.3254925709760792,0.6789877368050251,0.8509993031619969,0.7456580983243396,0.7167400683190677,0.15746855677715366,-0.059589640120466525
Scaler: Tab Acro,0.1954488777123724,0.23680284453062767,0.71406178702624,0.8681001286387385,0.8009437652651353,0.7967772984112922,0.20850000444218003,-0.03141765987331911
Scaler: Cor Acro,0.15202574811659744,0.2003084813663263,0.4369519980653633,0.4490111071619417,0.501072250039175,0.5347590296926761,0.06786056672083278,-0.07771460137809777
Scaler: Cor non-Acro,0.06028310206935794,0.0861002579570193,0.5077261445497868,0.6179829710817475,0.7355864743346039,0.7655384068876697,0.19883312491252605,0.014900195559629735
Scaler: Sm Mass,0.04654840959445682,0.04961468141234429,0.1122091767355716,0.14435376959571664,0.08614082376787348,0.11836438063357209,0.002636151941775021,-0.05006361451127899
Scaler: Lg Mass,0.13355661824568096,0.13347831395905577,0.21489041409022622,0.2397620680441516,0.17808637950456063,0.17348232865880042,0.023040382592484455,-0.061704124395666284
External Recruitment,0.12969050561225484,0.1725841983041674,0.6740420268604113,0.5031487440960732,1.8593704738045043,2.1206699512224745,0.5423973146786218,0.21470626101200765
Self-seeding,0.360451257003203,0.3588750925011118,0.6297400113601646,0.5243571937044653,1.9107835249419667,2.3382265171905408,0.5746531275334962,0.2583991784614478
