scenario,year,parameter,pawn,rank
with,1994,Density,1.9824,2
with,1994,Prop: Tab Acro,0.1435,15
with,1994,Prop: Cor Acro,0.6666,6
with,1994,Prop: Cor non-Acro,0.2353,13
with,1994,Prop: Sm Mass,0.276,11
with,1994,Prop: Lg Mass,0.6366,7
with,1994,Size μ: Tab Acro,1.5992,4
with,1994,Size μ: Cor Acro,0.6153,8
with,1994,Size μ: Cor non-Acro,0.2842,10
with,1994,Size μ: Sm Mass,1.9451,3
with,1994,Size μ: Lg Mass,2.3641,1
with,1994,Size σ: Tab Acro,0.9563,5
with,1994,Size σ: Cor Acro,0.2535,12
with,1994,Size σ: Cor non-Acro,0.0327,16
with,1994,Size σ: Sm Mass,0.3593,9
with,1994,Size σ: Lg Mass,0.1895,14
with,1994,Scaler: Tab Acro,-0.0186,17
with,1994,Scaler: Cor Acro,-0.1182,22
with,1994,Scaler: Cor non-Acro,-0.0962,20
with,1994,Scaler: Sm Mass,-0.1121,21
with,1994,Scaler: Lg Mass,-0.0362,18
with,1994,External Recruitment,-0.1273,23
with,1994,Self-seeding,-0.0833,19
with,1995,Density,2.0582,2
with,1995,Prop: Tab Acro,0.0001,16
with,1995,Prop: Cor Acro,0.574,7
with,1995,Prop: Cor non-Acro,0.1759,13
with,1995,Prop: Sm Mass,0.2585,11
with,1995,Prop: Lg Mass,0.6595,6
with,1995,Size μ: Tab Acro,1.3883,4
with,1995,Size μ: Cor Acro,0.5136,8
with,1995,Size μ: Cor non-Acro,0.3083,10
with,1995,Size μ: Sm Mass,1.9759,3
with,1995,Size μ: Lg Mass,2.4299,1
with,1995,Size σ: Tab Acro,0.7046,5
with,1995,Size σ: Cor Acro,0.1011,14
with,1995,Size σ: Cor non-Acro,0.0036,15
with,1995,Size σ: Sm Mass,0.3698,9
with,1995,Size σ: Lg Mass,0.1871,12
with,1995,Scaler: Tab Acro,-0.05,18
with,1995,Scaler: Cor Acro,-0.1156,21
with,1995,Scaler: Cor non-Acro,-0.1049,20
with,1995,Scaler: Sm Mass,-0.1375,22
with,1995,Scaler: Lg Mass,-0.0498,17
with,1995,External Recruitment,-0.1447,23
with,1995,Self-seeding,-0.0776,19
with,1996,Density,2.1441,2
with,1996,Prop: Tab Acro,-0.0253,19
with,1996,Prop: Cor Acro,0.5308,7
with,1996,Prop: Cor non-Acro,0.1897,13
with,1996,Prop: Sm Mass,0.2793,11
with,1996,Prop: Lg Mass,0.7465,5
with,1996,Size μ: Tab Acro,1.2004,4
with,1996,Size μ: Cor Acro,0.576,6
with,1996,Size μ: Cor non-Acro,0.3595,10
with,1996,Size μ: Sm Mass,2.0778,3
with,1996,Size μ: Lg Mass,2.5404,1
with,1996,Size σ: Tab Acro,0.5139,8
with,1996,Size σ: Cor Acro,0.0441,15
with,1996,Size σ: Cor non-Acro,0.0483,14
with,1996,Size σ: Sm Mass,0.3997,9
with,1996,Size σ: Lg Mass,0.2719,12
with,1996,Scaler: Tab Acro,0.0151,16
with,1996,Scaler: Cor Acro,-0.0166,17
with,1996,Scaler: Cor non-Acro,-0.0759,22
with,1996,Scaler: Sm Mass,-0.1074,23
with,1996,Scaler: Lg Mass,-0.0581,21
with,1996,External Recruitment,-0.0295,20
with,1996,Self-seeding,-0.0174,18
with,1997,Density,2.271,2
with,1997,Prop: Tab Acro,0.0544,19
with,1997,Prop: Cor Acro,0.5283,7
with,1997,Prop: Cor non-Acro,0.2191,13
with,1997,Prop: Sm Mass,0.3089,12
with,1997,Prop: Lg Mass,0.8148,5
with,1997,Size μ: Tab Acro,1.0636,4
with,1997,Size μ: Cor Acro,0.6693,6
with,1997,Size μ: Cor non-Acro,0.4301,9
with,1997,Size μ: Sm Mass,2.1874,3
with,1997,Size μ: Lg Mass,2.6529,1
with,1997,Size σ: Tab Acro,0.3816,10
with,1997,Size σ: Cor Acro,0.0512,20
with,1997,Size σ: Cor non-Acro,0.0859,18
with,1997,Size σ: Sm Mass,0.464,8
with,1997,Size σ: Lg Mass,0.3317,11
with,1997,Scaler: Tab Acro,0.0978,17
with,1997,Scaler: Cor Acro,0.1178,15
with,1997,Scaler: Cor non-Acro,-0.0036,22
with,1997,Scaler: Sm Mass,-0.0544,23
with,1997,Scaler: Lg Mass,0.013,21
with,1997,External Recruitment,0.131,14
with,1997,Self-seeding,0.0985,16
with,1998,Density,2.2337,2
with,1998,Prop: Tab Acro,0.0495,17
with,1998,Prop: Cor Acro,0.4168,7
with,1998,Prop: Cor non-Acro,0.117,15
with,1998,Prop: Sm Mass,0.2175,11
with,1998,Prop: Lg Mass,0.7497,5
with,1998,Size μ: Tab Acro,0.7605,4
with,1998,Size μ: Cor Acro,0.6313,6
with,1998,Size μ: Cor non-Acro,0.3644,9
with,1998,Size μ: Sm Mass,2.125,3
with,1998,Size μ: Lg Mass,2.633,1
with,1998,Size σ: Tab Acro,0.1029,16
with,1998,Size σ: Cor Acro,-0.0721,20
with,1998,Size σ: Cor non-Acro,0.0023,19
with,1998,Size σ: Sm Mass,0.4127,8
with,1998,Size σ: Lg Mass,0.2455,10
with,1998,Scaler: Tab Acro,0.0364,18
with,1998,Scaler: Cor Acro,0.1232,14
with,1998,Scaler: Cor non-Acro,-0.0798,22
with,1998,Scaler: Sm Mass,-0.1321,23
with,1998,Scaler: Lg Mass,-0.0795,21
with,1998,External Recruitment,0.177,12
with,1998,Self-seeding,0.1419,13
with,1999,Density,2.245,2
with,1999,Prop: Tab Acro,0.155,15
with,1999,Prop: Cor Acro,0.3722,9
with,1999,Prop: Cor non-Acro,0.0966,16
with,1999,Prop: Sm Mass,0.257,12
with,1999,Prop: Lg Mass,0.7819,4
with,1999,Size μ: Tab Acro,0.5691,6
with,1999,Size μ: Cor Acro,0.7075,5
with,1999,Size μ: Cor non-Acro,0.4314,7
with,1999,Size μ: Sm Mass,2.1239,3
with,1999,Size μ: Lg Mass,2.6925,1
with,1999,Size σ: Tab Acro,-0.0441,20
with,1999,Size σ: Cor Acro,-0.0684,22
with,1999,Size σ: Cor non-Acro,0.0317,18
with,1999,Size σ: Sm Mass,0.4123,8
with,1999,Size σ: Lg Mass,0.2472,13
with,1999,Scaler: Tab Acro,0.0923,17
with,1999,Scaler: Cor Acro,0.2277,14
with,1999,Scaler: Cor non-Acro,-0.0236,19
with,1999,Scaler: Sm Mass,-0.1299,23
with,1999,Scaler: Lg Mass,-0.0544,21
with,1999,External Recruitment,0.3317,11
with,1999,Self-seeding,0.3322,10
with,2000,Density,2.2367,2
with,2000,Prop: Tab Acro,0.2635,15
with,2000,Prop: Cor Acro,0.3627,11
with,2000,Prop: Cor non-Acro,0.1117,17
with,2000,Prop: Sm Mass,0.2759,13
with,2000,Prop: Lg Mass,0.792,4
with,2000,Size μ: Tab Acro,0.4003,10
with,2000,Size μ: Cor Acro,0.7491,5
with,2000,Size μ: Cor non-Acro,0.488,8
with,2000,Size μ: Sm Mass,2.1524,3
with,2000,Size μ: Lg Mass,2.6755,1
with,2000,Size σ: Tab Acro,-0.0979,23
with,2000,Size σ: Cor Acro,-0.0257,20
with,2000,Size σ: Cor non-Acro,0.0342,18
with,2000,Size σ: Sm Mass,0.4149,9
with,2000,Size σ: Lg Mass,0.2645,14
with,2000,Scaler: Tab Acro,0.1448,16
with,2000,Scaler: Cor Acro,0.32,12
with,2000,Scaler: Cor non-Acro,0.0286,19
with,2000,Scaler: Sm Mass,-0.0958,22
with,2000,Scaler: Lg Mass,-0.0307,21
with,2000,External Recruitment,0.4919,7
with,2000,Self-seeding,0.5214,6
with,2001,Density,2.1977,2
with,2001,Prop: Tab Acro,0.3219,11
with,2001,Prop: Cor Acro,0.3003,12
with,2001,Prop: Cor non-Acro,0.0723,19
with,2001,Prop: Sm Mass,0.2318,15
with,2001,Prop: Lg Mass,0.7319,5
with,2001,Size μ: Tab Acro,0.2355,13
with,2001,Size μ: Cor Acro,0.7392,4
with,2001,Size μ: Cor non-Acro,0.4861,8
with,2001,Size μ: Sm Mass,2.063,3
with,2001,Size μ: Lg Mass,2.5956,1
with,2001,Size σ: Tab Acro,-0.0972,23
with,2001,Size σ: Cor Acro,-0.0417,21
with,2001,Size σ: Cor non-Acro,0.0742,18
with,2001,Size σ: Sm Mass,0.4001,9
with,2001,Size σ: Lg Mass,0.2348,14
with,2001,Scaler: Tab Acro,0.1775,16
with,2001,Scaler: Cor Acro,0.3905,10
with,2001,Scaler: Cor non-Acro,0.075,17
with,2001,Scaler: Sm Mass,-0.0768,22
with,2001,Scaler: Lg Mass,-0.0403,20
with,2001,External Recruitment,0.666,7
with,2001,Self-seeding,0.6681,6
with,2002,Density,2.122,2
with,2002,Prop: Tab Acro,0.3653,11
with,2002,Prop: Cor Acro,0.2968,12
with,2002,Prop: Cor non-Acro,0.0641,19
with,2002,Prop: Sm Mass,0.2219,14
with,2002,Prop: Lg Mass,0.7009,7
with,2002,Size μ: Tab Acro,0.1305,16
with,2002,Size μ: Cor Acro,0.7702,6
with,2002,Size μ: Cor non-Acro,0.5103,8
with,2002,Size μ: Sm Mass,2.0238,3
with,2002,Size μ: Lg Mass,2.5756,1
with,2002,Size σ: Tab Acro,-0.0339,20
with,2002,Size σ: Cor Acro,-0.0446,22
with,2002,Size σ: Cor non-Acro,0.0671,18
with,2002,Size σ: Sm Mass,0.3881,10
with,2002,Size σ: Lg Mass,0.2345,13
with,2002,Scaler: Tab Acro,0.2146,15
with,2002,Scaler: Cor Acro,0.4978,9
with,2002,Scaler: Cor non-Acro,0.1156,17
with,2002,Scaler: Sm Mass,-0.0694,23
with,2002,Scaler: Lg Mass,-0.0421,21
with,2002,External Recruitment,0.8477,5
with,2002,Self-seeding,0.8505,4
with,2003,Density,2.1044,2
with,2003,Prop: Tab Acro,0.4197,10
with,2003,Prop: Cor Acro,0.3474,12
with,2003,Prop: Cor non-Acro,0.1062,18
with,2003,Prop: Sm Mass,0.2781,15
with,2003,Prop: Lg Mass,0.7463,7
with,2003,Size μ: Tab Acro,0.1063,17
with,2003,Size μ: Cor Acro,0.791,6
with,2003,Size μ: Cor non-Acro,0.5589,9
with,2003,Size μ: Sm Mass,2.0036,3
with,2003,Size μ: Lg Mass,2.5661,1
with,2003,Size σ: Tab Acro,0.0472,20
with,2003,Size σ: Cor Acro,0.0263,22
with,2003,Size σ: Cor non-Acro,0.1025,19
with,2003,Size σ: Sm Mass,0.3968,11
with,2003,Size σ: Lg Mass,0.2924,14
with,2003,Scaler: Tab Acro,0.3352,13
with,2003,Scaler: Cor Acro,0.5708,8
with,2003,Scaler: Cor non-Acro,0.1827,16
with,2003,Scaler: Sm Mass,-0.0283,23
with,2003,Scaler: Lg Mass,0.0453,21
with,2003,External Recruitment,1.0722,4
with,2003,Self-seeding,1.0638,5
with,2004,Density,1.8846,2
with,2004,Prop: Tab Acro,0.3575,10
with,2004,Prop: Cor Acro,0.2213,13
with,2004,Prop: Cor non-Acro,-0.013,17
with,2004,Prop: Sm Mass,0.1666,15
with,2004,Prop: Lg Mass,0.6147,7
with,2004,Size μ: Tab Acro,-0.0531,20
with,2004,Size μ: Cor Acro,0.659,6
with,2004,Size μ: Cor non-Acro,0.478,9
with,2004,Size μ: Sm Mass,1.8157,3
with,2004,Size μ: Lg Mass,2.4153,1
with,2004,Size σ: Tab Acro,-0.0495,19
with,2004,Size σ: Cor Acro,-0.1104,22
with,2004,Size σ: Cor non-Acro,-0.0343,18
with,2004,Size σ: Sm Mass,0.2649,12
with,2004,Size σ: Lg Mass,0.1854,14
with,2004,Scaler: Tab Acro,0.2771,11
with,2004,Scaler: Cor Acro,0.5379,8
with,2004,Scaler: Cor non-Acro,0.0959,16
with,2004,Scaler: Sm Mass,-0.1143,23
with,2004,Scaler: Lg Mass,-0.082,21
with,2004,External Recruitment,1.1217,5
with,2004,Self-seeding,1.1224,4
with,2005,Density,1.8772,2
with,2005,Prop: Tab Acro,0.4522,10
with,2005,Prop: Cor Acro,0.2946,13
with,2005,Prop: Cor non-Acro,0.0383,18
with,2005,Prop: Sm Mass,0.2673,14
with,2005,Prop: Lg Mass,0.6983,6
with,2005,Size μ: Tab Acro,-0.011,20
with,2005,Size μ: Cor Acro,0.6865,7
with,2005,Size μ: Cor non-Acro,0.5627,9
with,2005,Size μ: Sm Mass,1.8361,3
with,2005,Size μ: Lg Mass,2.4256,1
with,2005,Size σ: Tab Acro,0.0588,17
with,2005,Size σ: Cor Acro,-0.0164,22
with,2005,Size σ: Cor non-Acro,0.0226,19
with,2005,Size σ: Sm Mass,0.3242,12
with,2005,Size σ: Lg Mass,0.2478,15
with,2005,Scaler: Tab Acro,0.4188,11
with,2005,Scaler: Cor Acro,0.6645,8
with,2005,Scaler: Cor non-Acro,0.2025,16
with,2005,Scaler: Sm Mass,-0.034,23
with,2005,Scaler: Lg Mass,-0.0153,21
with,2005,External Recruitment,1.3702,4
with,2005,Self-seeding,1.3449,5
with,2006,Density,1.8219,2
with,2006,Prop: Tab Acro,0.4743,10
with,2006,Prop: Cor Acro,0.2985,13
with,2006,Prop: Cor non-Acro,0.0794,17
with,2006,Prop: Sm Mass,0.2837,14
with,2006,Prop: Lg Mass,0.6815,7
with,2006,Size μ: Tab Acro,-0.0069,21
with,2006,Size μ: Cor Acro,0.6348,8
with,2006,Size μ: Cor non-Acro,0.5444,9
with,2006,Size μ: Sm Mass,1.7699,3
with,2006,Size μ: Lg Mass,2.3653,1
with,2006,Size σ: Tab Acro,0.0715,18
with,2006,Size σ: Cor Acro,-0.0193,22
with,2006,Size σ: Cor non-Acro,0.0528,19
with,2006,Size σ: Sm Mass,0.3249,12
with,2006,Size σ: Lg Mass,0.2583,15
with,2006,Scaler: Tab Acro,0.4668,11
with,2006,Scaler: Cor Acro,0.7596,6
with,2006,Scaler: Cor non-Acro,0.2475,16
with,2006,Scaler: Sm Mass,-0.0276,23
with,2006,Scaler: Lg Mass,0.0309,20
with,2006,External Recruitment,1.5379,4
with,2006,Self-seeding,1.4914,5
with,2007,Density,1.6796,2
with,2007,Prop: Tab Acro,0.4297,11
with,2007,Prop: Cor Acro,0.2518,14
with,2007,Prop: Cor non-Acro,0.046,17
with,2007,Prop: Sm Mass,0.2253,15
with,2007,Prop: Lg Mass,0.6057,7
with,2007,Size μ: Tab Acro,-0.0751,23
with,2007,Size μ: Cor Acro,0.5464,8
with,2007,Size μ: Cor non-Acro,0.4826,9
with,2007,Size μ: Sm Mass,1.6598,3
with,2007,Size μ: Lg Mass,2.2187,1
with,2007,Size σ: Tab Acro,0.0183,19
with,2007,Size σ: Cor Acro,-0.052,22
with,2007,Size σ: Cor non-Acro,0.026,18
with,2007,Size σ: Sm Mass,0.2702,12
with,2007,Size σ: Lg Mass,0.225,16
with,2007,Scaler: Tab Acro,0.4642,10
with,2007,Scaler: Cor Acro,0.7548,6
with,2007,Scaler: Cor non-Acro,0.2585,13
with,2007,Scaler: Sm Mass,-0.0436,21
with,2007,Scaler: Lg Mass,-0.0044,20
with,2007,External Recruitment,1.5945,4
with,2007,Self-seeding,1.5919,5
with,2008,Density,1.5411,5
with,2008,Prop: Tab Acro,0.3739,11
with,2008,Prop: Cor Acro,0.177,14
with,2008,Prop: Cor non-Acro,-0.0063,17
with,2008,Prop: Sm Mass,0.1646,16
with,2008,Prop: Lg Mass,0.5202,7
with,2008,Size μ: Tab Acro,-0.1237,22
with,2008,Size μ: Cor Acro,0.4156,9
with,2008,Size μ: Cor non-Acro,0.3952,10
with,2008,Size μ: Sm Mass,1.547,4
with,2008,Size μ: Lg Mass,2.0757,1
with,2008,Size σ: Tab Acro,-0.0649,20
with,2008,Size σ: Cor Acro,-0.1249,23
with,2008,Size σ: Cor non-Acro,-0.0465,18
with,2008,Size σ: Sm Mass,0.2058,13
with,2008,Size σ: Lg Mass,0.1729,15
with,2008,Scaler: Tab Acro,0.426,8
with,2008,Scaler: Cor Acro,0.6862,6
with,2008,Scaler: Cor non-Acro,0.2118,12
with,2008,Scaler: Sm Mass,-0.1098,21
with,2008,Scaler: Lg Mass,-0.064,19
with,2008,External Recruitment,1.6341,2
with,2008,Self-seeding,1.6246,3
with,2009,Density,1.5153,5
with,2009,Prop: Tab Acro,0.3919,11
with,2009,Prop: Cor Acro,0.2647,13
with,2009,Prop: Cor non-Acro,0.0457,17
with,2009,Prop: Sm Mass,0.2206,16
with,2009,Prop: Lg Mass,0.5919,7
with,2009,Size μ: Tab Acro,-0.0391,21
with,2009,Size μ: Cor Acro,0.4533,10
with,2009,Size μ: Cor non-Acro,0.4604,9
with,2009,Size μ: Sm Mass,1.5569,4
with,2009,Size μ: Lg Mass,2.0687,1
with,2009,Size σ: Tab Acro,-0.0278,20
with,2009,Size σ: Cor Acro,-0.0408,22
with,2009,Size σ: Cor non-Acro,0.0346,18
with,2009,Size σ: Sm Mass,0.2364,14
with,2009,Size σ: Lg Mass,0.2318,15
with,2009,Scaler: Tab Acro,0.5022,8
with,2009,Scaler: Cor Acro,0.7677,6
with,2009,Scaler: Cor non-Acro,0.3252,12
with,2009,Scaler: Sm Mass,-0.0562,23
with,2009,Scaler: Lg Mass,0.0068,19
with,2009,External Recruitment,1.786,2
with,2009,Self-seeding,1.7797,3
with,2010,Density,1.4292,5
with,2010,Prop: Tab Acro,0.3605,11
with,2010,Prop: Cor Acro,0.2594,13
with,2010,Prop: Cor non-Acro,0.011,17
with,2010,Prop: Sm Mass,0.1898,16
with,2010,Prop: Lg Mass,0.5464,7
with,2010,Size μ: Tab Acro,-0.0659,21
with,2010,Size μ: Cor Acro,0.3676,10
with,2010,Size μ: Cor non-Acro,0.4424,9
with,2010,Size μ: Sm Mass,1.4879,4
with,2010,Size μ: Lg Mass,1.9704,1
with,2010,Size σ: Tab Acro,-0.0632,20
with,2010,Size σ: Cor Acro,-0.089,23
with,2010,Size σ: Cor non-Acro,0.0017,18
with,2010,Size σ: Sm Mass,0.1932,15
with,2010,Size σ: Lg Mass,0.2277,14
with,2010,Scaler: Tab Acro,0.4898,8
with,2010,Scaler: Cor Acro,0.7389,6
with,2010,Scaler: Cor non-Acro,0.3292,12
with,2010,Scaler: Sm Mass,-0.082,22
with,2010,Scaler: Lg Mass,-0.0191,19
with,2010,External Recruitment,1.8623,2
with,2010,Self-seeding,1.8403,3
with,2011,Density,1.413,5
with,2011,Prop: Tab Acro,0.3972,10
with,2011,Prop: Cor Acro,0.2995,13
with,2011,Prop: Cor non-Acro,0.0342,17
with,2011,Prop: Sm Mass,0.2191,15
with,2011,Prop: Lg Mass,0.5615,7
with,2011,Size μ: Tab Acro,-0.042,21
with,2011,Size μ: Cor Acro,0.3297,12
with,2011,Size μ: Cor non-Acro,0.4587,9
with,2011,Size μ: Sm Mass,1.4647,4
with,2011,Size μ: Lg Mass,1.9248,3
with,2011,Size σ: Tab Acro,-0.0316,20
with,2011,Size σ: Cor Acro,-0.0739,23
with,2011,Size σ: Cor non-Acro,0.0321,18
with,2011,Size σ: Sm Mass,0.1826,16
with,2011,Size σ: Lg Mass,0.2416,14
with,2011,Scaler: Tab Acro,0.5345,8
with,2011,Scaler: Cor Acro,0.7707,6
with,2011,Scaler: Cor non-Acro,0.3743,11
with,2011,Scaler: Sm Mass,-0.0515,22
with,2011,Scaler: Lg Mass,-0.0146,19
with,2011,External Recruitment,1.9693,1
with,2011,Self-seeding,1.9525,2
with,2012,Density,1.3113,5
with,2012,Prop: Tab Acro,0.3278,11
with,2012,Prop: Cor Acro,0.2659,12
with,2012,Prop: Cor non-Acro,-0.0087,18
with,2012,Prop: Sm Mass,0.1829,15
with,2012,Prop: Lg Mass,0.4987,7
with,2012,Size μ: Tab Acro,-0.0879,20
with,2012,Size μ: Cor Acro,0.2389,13
with,2012,Size μ: Cor non-Acro,0.376,9
with,2012,Size μ: Sm Mass,1.3902,4
with,2012,Size μ: Lg Mass,1.8452,3
with,2012,Size σ: Tab Acro,-0.1045,21
with,2012,Size σ: Cor Acro,-0.1323,23
with,2012,Size σ: Cor non-Acro,-0.0013,17
with,2012,Size σ: Sm Mass,0.1187,16
with,2012,Size σ: Lg Mass,0.2142,14
with,2012,Scaler: Tab Acro,0.4827,8
with,2012,Scaler: Cor Acro,0.7208,6
with,2012,Scaler: Cor non-Acro,0.3651,10
with,2012,Scaler: Sm Mass,-0.1047,22
with,2012,Scaler: Lg Mass,-0.0418,19
with,2012,External Recruitment,1.9763,2
with,2012,Self-seeding,1.978,1
with,2013,Density,1.2926,5
with,2013,Prop: Tab Acro,0.3302,11
with,2013,Prop: Cor Acro,0.3216,12
with,2013,Prop: Cor non-Acro,0.0582,17
with,2013,Prop: Sm Mass,0.2139,15
with,2013,Prop: Lg Mass,0.5378,7
with,2013,Size μ: Tab Acro,-0.0483,20
with,2013,Size μ: Cor Acro,0.2348,13
with,2013,Size μ: Cor non-Acro,0.3977,10
with,2013,Size μ: Sm Mass,1.4073,4
with,2013,Size μ: Lg Mass,1.8517,3
with,2013,Size σ: Tab Acro,-0.0525,21
with,2013,Size σ: Cor Acro,-0.0797,23
with,2013,Size σ: Cor non-Acro,0.0283,18
with,2013,Size σ: Sm Mass,0.1412,16
with,2013,Size σ: Lg Mass,0.231,14
with,2013,Scaler: Tab Acro,0.491,8
with,2013,Scaler: Cor Acro,0.7353,6
with,2013,Scaler: Cor non-Acro,0.4231,9
with,2013,Scaler: Sm Mass,-0.0616,22
with,2013,Scaler: Lg Mass,0.0019,19
with,2013,External Recruitment,2.0571,2
with,2013,Self-seeding,2.0752,1
with,2014,Density,1.1971,5
with,2014,Prop: Tab Acro,0.2998,11
with,2014,Prop: Cor Acro,0.2846,12
with,2014,Prop: Cor non-Acro,0.0137,17
with,2014,Prop: Sm Mass,0.1873,13
with,2014,Prop: Lg Mass,0.4743,7
with,2014,Size μ: Tab Acro,-0.103,21
with,2014,Size μ: Cor Acro,0.1561,15
with,2014,Size μ: Cor non-Acro,0.3573,10
with,2014,Size μ: Sm Mass,1.3236,4
with,2014,Size μ: Lg Mass,1.763,3
with,2014,Size σ: Tab Acro,-0.089,20
with,2014,Size σ: Cor Acro,-0.1502,23
with,2014,Size σ: Cor non-Acro,-0.0239,18
with,2014,Size σ: Sm Mass,0.0942,16
with,2014,Size σ: Lg Mass,0.1689,14
with,2014,Scaler: Tab Acro,0.425,8
with,2014,Scaler: Cor Acro,0.6731,6
with,2014,Scaler: Cor non-Acro,0.3924,9
with,2014,Scaler: Sm Mass,-0.1201,22
with,2014,Scaler: Lg Mass,-0.0589,19
with,2014,External Recruitment,2.071,1
with,2014,Self-seeding,2.0685,2
with,2015,Density,1.1365,5
with,2015,Prop: Tab Acro,0.2353,12
with,2015,Prop: Cor Acro,0.2753,11
with,2015,Prop: Cor non-Acro,-0.0068,17
with,2015,Prop: Sm Mass,0.1653,13
with,2015,Prop: Lg Mass,0.4305,7
with,2015,Size μ: Tab Acro,-0.121,22
with,2015,Size μ: Cor Acro,0.0796,16
with,2015,Size μ: Cor non-Acro,0.3272,10
with,2015,Size μ: Sm Mass,1.309,4
with,2015,Size μ: Lg Mass,1.7301,3
with,2015,Size σ: Tab Acro,-0.1183,21
with,2015,Size σ: Cor Acro,-0.1552,23
with,2015,Size σ: Cor non-Acro,-0.0238,18
with,2015,Size σ: Sm Mass,0.0832,15
with,2015,Size σ: Lg Mass,0.1421,14
with,2015,Scaler: Tab Acro,0.3989,8
with,2015,Scaler: Cor Acro,0.6251,6
with,2015,Scaler: Cor non-Acro,0.397,9
with,2015,Scaler: Sm Mass,-0.1107,20
with,2015,Scaler: Lg Mass,-0.0562,19
with,2015,External Recruitment,2.0618,2
with,2015,Self-seeding,2.087,1
with,2016,Density,1.1728,5
with,2016,Prop: Tab Acro,0.302,12
with,2016,Prop: Cor Acro,0.3676,11
with,2016,Prop: Cor non-Acro,0.0435,17
with,2016,Prop: Sm Mass,0.2257,13
with,2016,Prop: Lg Mass,0.4964,7
with,2016,Size μ: Tab Acro,-0.0629,22
with,2016,Size μ: Cor Acro,0.1005,16
with,2016,Size μ: Cor non-Acro,0.3891,10
with,2016,Size μ: Sm Mass,1.3569,4
with,2016,Size μ: Lg Mass,1.7686,3
with,2016,Size σ: Tab Acro,-0.0514,21
with,2016,Size σ: Cor Acro,-0.104,23
with,2016,Size σ: Cor non-Acro,0.0395,18
with,2016,Size σ: Sm Mass,0.1469,15
with,2016,Size σ: Lg Mass,0.21,14
with,2016,Scaler: Tab Acro,0.4423,9
with,2016,Scaler: Cor Acro,0.6491,6
with,2016,Scaler: Cor non-Acro,0.4856,8
with,2016,Scaler: Sm Mass,-0.0488,20
with,2016,Scaler: Lg Mass,0.0034,19
with,2016,External Recruitment,2.1441,2
with,2016,Self-seeding,2.1556,1
with,2017,Density,1.215,5
with,2017,Prop: Tab Acro,0.5185,8
with,2017,Prop: Cor Acro,0.5251,7
with,2017,Prop: Cor non-Acro,0.0865,16
with,2017,Prop: Sm Mass,0.3948,11
with,2017,Prop: Lg Mass,0.8706,6
with,2017,Size μ: Tab Acro,0.0435,18
with,2017,Size μ: Cor Acro,0.0336,19
with,2017,Size μ: Cor non-Acro,0.3611,12
with,2017,Size μ: Sm Mass,1.6583,4
with,2017,Size μ: Lg Mass,2.4076,1
with,2017,Size σ: Tab Acro,0.0082,20
with,2017,Size σ: Cor Acro,-0.0857,23
with,2017,Size σ: Cor non-Acro,0.0524,17
with,2017,Size σ: Sm Mass,0.245,14
with,2017,Size σ: Lg Mass,0.2736,13
with,2017,Scaler: Tab Acro,0.1616,15
with,2017,Scaler: Cor Acro,0.4718,9
with,2017,Scaler: Cor non-Acro,0.4173,10
with,2017,Scaler: Sm Mass,-0.0027,22
with,2017,Scaler: Lg Mass,0.0079,21
with,2017,External Recruitment,1.8243,2
with,2017,Self-seeding,1.7848,3
with,2018,Density,1.1416,5
with,2018,Prop: Tab Acro,0.4787,9
with,2018,Prop: Cor Acro,0.4452,10
with,2018,Prop: Cor non-Acro,0.0247,19
with,2018,Prop: Sm Mass,0.3178,11
with,2018,Prop: Lg Mass,0.7904,6
with,2018,Size μ: Tab Acro,0.0394,17
with,2018,Size μ: Cor Acro,0.0889,16
with,2018,Size μ: Cor non-Acro,0.2858,12
with,2018,Size μ: Sm Mass,1.4989,4
with,2018,Size μ: Lg Mass,2.1736,1
with,2018,Size σ: Tab Acro,0.0076,20
with,2018,Size σ: Cor Acro,-0.0864,23
with,2018,Size σ: Cor non-Acro,0.0394,18
with,2018,Size σ: Sm Mass,0.1952,14
with,2018,Size σ: Lg Mass,0.2465,13
with,2018,Scaler: Tab Acro,0.1358,15
with,2018,Scaler: Cor Acro,0.6059,7
with,2018,Scaler: Cor non-Acro,0.4918,8
with,2018,Scaler: Sm Mass,-0.0075,21
with,2018,Scaler: Lg Mass,-0.0151,22
with,2018,External Recruitment,2.0106,2
with,2018,Self-seeding,1.947,3
with,2019,Density,1.0526,5
with,2019,Prop: Tab Acro,0.4191,9
with,2019,Prop: Cor Acro,0.3408,10
with,2019,Prop: Cor non-Acro,-0.0043,17
with,2019,Prop: Sm Mass,0.2433,11
with,2019,Prop: Lg Mass,0.6821,6
with,2019,Size μ: Tab Acro,-0.0115,18
with,2019,Size μ: Cor Acro,0.0654,16
with,2019,Size μ: Cor non-Acro,0.215,12
with,2019,Size μ: Sm Mass,1.3453,4
with,2019,Size μ: Lg Mass,1.973,3
with,2019,Size σ: Tab Acro,-0.0347,20
with,2019,Size σ: Cor Acro,-0.1382,23
with,2019,Size σ: Cor non-Acro,-0.0216,19
with,2019,Size σ: Sm Mass,0.1131,14
with,2019,Size σ: Lg Mass,0.2047,13
with,2019,Scaler: Tab Acro,0.0765,15
with,2019,Scaler: Cor Acro,0.6403,7
with,2019,Scaler: Cor non-Acro,0.5062,8
with,2019,Scaler: Sm Mass,-0.0714,22
with,2019,Scaler: Lg Mass,-0.0515,21
with,2019,External Recruitment,2.084,1
with,2019,Self-seeding,2.0369,2
with,2020,Density,0.9969,5
with,2020,Prop: Tab Acro,0.4049,9
with,2020,Prop: Cor Acro,0.2854,10
with,2020,Prop: Cor non-Acro,0.01,17
with,2020,Prop: Sm Mass,0.2054,13
with,2020,Prop: Lg Mass,0.6372,7
with,2020,Size μ: Tab Acro,-0.0024,18
with,2020,Size μ: Cor Acro,0.0802,16
with,2020,Size μ: Cor non-Acro,0.2173,11
with,2020,Size μ: Sm Mass,1.2388,4
with,2020,Size μ: Lg Mass,1.8213,3
with,2020,Size σ: Tab Acro,-0.0229,19
with,2020,Size σ: Cor Acro,-0.132,23
with,2020,Size σ: Cor non-Acro,-0.0346,20
with,2020,Size σ: Sm Mass,0.1004,15
with,2020,Size σ: Lg Mass,0.2076,12
with,2020,Scaler: Tab Acro,0.1028,14
with,2020,Scaler: Cor Acro,0.6905,6
with,2020,Scaler: Cor non-Acro,0.5471,8
with,2020,Scaler: Sm Mass,-0.0534,22
with,2020,Scaler: Lg Mass,-0.0502,21
with,2020,External Recruitment,2.1696,2
with,2020,Self-seeding,2.17,1
with,2021,Density,0.9779,5
with,2021,Prop: Tab Acro,0.4187,9
with,2021,Prop: Cor Acro,0.2789,10
with,2021,Prop: Cor non-Acro,0.0485,17
with,2021,Prop: Sm Mass,0.212,13
with,2021,Prop: Lg Mass,0.6024,8
with,2021,Size μ: Tab Acro,0.0303,18
with,2021,Size μ: Cor Acro,0.1178,16
with,2021,Size μ: Cor non-Acro,0.2349,12
with,2021,Size μ: Sm Mass,1.1726,4
with,2021,Size μ: Lg Mass,1.7363,3
with,2021,Size σ: Tab Acro,0.0049,19
with,2021,Size σ: Cor Acro,-0.0803,23
with,2021,Size σ: Cor non-Acro,0.0042,20
with,2021,Size σ: Sm Mass,0.122,15
with,2021,Size σ: Lg Mass,0.2405,11
with,2021,Scaler: Tab Acro,0.16,14
with,2021,Scaler: Cor Acro,0.7552,6
with,2021,Scaler: Cor non-Acro,0.6089,7
with,2021,Scaler: Sm Mass,-0.0405,22
with,2021,Scaler: Lg Mass,-0.0162,21
with,2021,External Recruitment,2.2686,2
with,2021,Self-seeding,2.2961,1
with,2022,Density,0.8969,5
with,2022,Prop: Tab Acro,0.3662,9
with,2022,Prop: Cor Acro,0.245,10
with,2022,Prop: Cor non-Acro,0.0111,17
with,2022,Prop: Sm Mass,0.1675,13
with,2022,Prop: Lg Mass,0.5264,8
with,2022,Size μ: Tab Acro,-0.0069,18
with,2022,Size μ: Cor Acro,0.0723,15
with,2022,Size μ: Cor non-Acro,0.1892,12
with,2022,Size μ: Sm Mass,1.0682,4
with,2022,Size μ: Lg Mass,1.6039,3
with,2022,Size σ: Tab Acro,-0.0493,20
with,2022,Size σ: Cor Acro,-0.1118,23
with,2022,Size σ: Cor non-Acro,-0.0133,19
with,2022,Size σ: Sm Mass,0.0656,16
with,2022,Size σ: Lg Mass,0.2125,11
with,2022,Scaler: Tab Acro,0.1592,14
with,2022,Scaler: Cor Acro,0.7,6
with,2022,Scaler: Cor non-Acro,0.615,7
with,2022,Scaler: Sm Mass,-0.0576,21
with,2022,Scaler: Lg Mass,-0.0586,22
with,2022,External Recruitment,2.2791,2
with,2022,Self-seeding,2.3356,1
with,2023,Density,0.9026,5
with,2023,Prop: Tab Acro,0.3376,9
with,2023,Prop: Cor Acro,0.2773,10
with,2023,Prop: Cor non-Acro,0.0516,17
with,2023,Prop: Sm Mass,0.1639,14
with,2023,Prop: Lg Mass,0.4877,8
with,2023,Size μ: Tab Acro,0.0128,18
with,2023,Size μ: Cor Acro,0.0746,15
with,2023,Size μ: Cor non-Acro,0.1933,13
with,2023,Size μ: Sm Mass,1.0641,4
with,2023,Size μ: Lg Mass,1.5665,3
with,2023,Size σ: Tab Acro,-0.0017,20
with,2023,Size σ: Cor Acro,-0.0976,23
with,2023,Size σ: Cor non-Acro,0.0017,19
with,2023,Size σ: Sm Mass,0.0654,16
with,2023,Size σ: Lg Mass,0.2255,11
with,2023,Scaler: Tab Acro,0.2232,12
with,2023,Scaler: Cor Acro,0.691,6
with,2023,Scaler: Cor non-Acro,0.6872,7
with,2023,Scaler: Sm Mass,-0.0554,22
with,2023,Scaler: Lg Mass,-0.0111,21
with,2023,External Recruitment,2.3434,2
with,2023,Self-seeding,2.3802,1
without,1994,Density,1.9608,2
without,1994,Prop: Tab Acro,0.1219,15
without,1994,Prop: Cor Acro,0.645,6
without,1994,Prop: Cor non-Acro,0.2136,13
without,1994,Prop: Sm Mass,0.2543,11
without,1994,Prop: Lg Mass,0.6149,7
without,1994,Size μ: Tab Acro,1.5775,4
without,1994,Size μ: Cor Acro,0.5936,8
without,1994,Size μ: Cor non-Acro,0.2626,10
without,1994,Size μ: Sm Mass,1.9234,3
without,1994,Size μ: Lg Mass,2.3424,1
without,1994,Size σ: Tab Acro,0.9346,5
without,1994,Size σ: Cor Acro,0.2319,12
without,1994,Size σ: Cor non-Acro,0.011,16
without,1994,Size σ: Sm Mass,0.3376,9
without,1994,Size σ: Lg Mass,0.1678,14
without,1994,Scaler: Tab Acro,-0.0403,17
without,1994,Scaler: Cor Acro,-0.1399,22
without,1994,Scaler: Cor non-Acro,-0.1178,20
without,1994,Scaler: Sm Mass,-0.1337,21
without,1994,Scaler: Lg Mass,-0.0578,18
without,1994,External Recruitment,-0.1489,23
without,1994,Self-seeding,-0.1049,19
without,1995,Density,2.0344,2
without,1995,Prop: Tab Acro,0.0212,15
without,1995,Prop: Cor Acro,0.5902,7
without,1995,Prop: Cor non-Acro,0.2105,13
without,1995,Prop: Sm Mass,0.294,10
without,1995,Prop: Lg Mass,0.6997,6
without,1995,Size μ: Tab Acro,1.3913,4
without,1995,Size μ: Cor Acro,0.4999,8
without,1995,Size μ: Cor non-Acro,0.2739,11
without,1995,Size μ: Sm Mass,2.0183,3
without,1995,Size μ: Lg Mass,2.4609,1
without,1995,Size σ: Tab Acro,0.7311,5
without,1995,Size σ: Cor Acro,0.1124,14
without,1995,Size σ: Cor non-Acro,0.0071,16
without,1995,Size σ: Sm Mass,0.3982,9
without,1995,Size σ: Lg Mass,0.2199,12
without,1995,Scaler: Tab Acro,-0.0215,17
without,1995,Scaler: Cor Acro,-0.0954,21
without,1995,Scaler: Cor non-Acro,-0.084,19
without,1995,Scaler: Sm Mass,-0.1419,22
without,1995,Scaler: Lg Mass,-0.0486,18
without,1995,External Recruitment,-0.1458,23
without,1995,Self-seeding,-0.0841,20
without,1996,Density,2.1597,2
without,1996,Prop: Tab Acro,0.0206,17
without,1996,Prop: Cor Acro,0.5929,6
without,1996,Prop: Cor non-Acro,0.2634,13
without,1996,Prop: Sm Mass,0.3625,10
without,1996,Prop: Lg Mass,0.8115,5
without,1996,Size μ: Tab Acro,1.236,4
without,1996,Size μ: Cor Acro,0.4824,8
without,1996,Size μ: Cor non-Acro,0.3126,11
without,1996,Size μ: Sm Mass,2.1586,3
without,1996,Size μ: Lg Mass,2.6075,1
without,1996,Size σ: Tab Acro,0.573,7
without,1996,Size σ: Cor Acro,0.0399,16
without,1996,Size σ: Cor non-Acro,0.047,15
without,1996,Size σ: Sm Mass,0.4566,9
without,1996,Size σ: Lg Mass,0.2768,12
without,1996,Scaler: Tab Acro,0.048,14
without,1996,Scaler: Cor Acro,-0.0046,18
without,1996,Scaler: Cor non-Acro,-0.0719,21
without,1996,Scaler: Sm Mass,-0.087,22
without,1996,Scaler: Lg Mass,-0.0188,19
without,1996,External Recruitment,-0.124,23
without,1996,Self-seeding,-0.031,20
without,1997,Density,2.1865,3
without,1997,Prop: Tab Acro,0.0501,17
without,1997,Prop: Cor Acro,0.5773,6
without,1997,Prop: Cor non-Acro,0.2854,13
without,1997,Prop: Sm Mass,0.3937,10
without,1997,Prop: Lg Mass,0.866,5
without,1997,Size μ: Tab Acro,1.0766,4
without,1997,Size μ: Cor Acro,0.4726,8
without,1997,Size μ: Cor non-Acro,0.3075,12
without,1997,Size μ: Sm Mass,2.249,2
without,1997,Size μ: Lg Mass,2.6964,1
without,1997,Size σ: Tab Acro,0.408,9
without,1997,Size σ: Cor Acro,0.0075,19
without,1997,Size σ: Cor non-Acro,0.0652,15
without,1997,Size σ: Sm Mass,0.5071,7
without,1997,Size σ: Lg Mass,0.3375,11
without,1997,Scaler: Tab Acro,0.0936,14
without,1997,Scaler: Cor Acro,0.0549,16
without,1997,Scaler: Cor non-Acro,-0.0483,21
without,1997,Scaler: Sm Mass,-0.0802,22
without,1997,Scaler: Lg Mass,0.0293,18
without,1997,External Recruitment,-0.106,23
without,1997,Self-seeding,-0.0303,20
without,1998,Density,2.1537,3
without,1998,Prop: Tab Acro,0.0141,15
without,1998,Prop: Cor Acro,0.4905,6
without,1998,Prop: Cor non-Acro,0.1968,12
without,1998,Prop: Sm Mass,0.3543,8
without,1998,Prop: Lg Mass,0.8168,5
without,1998,Size μ: Tab Acro,0.8418,4
without,1998,Size μ: Cor Acro,0.2869,10
without,1998,Size μ: Cor non-Acro,0.2255,11
without,1998,Size μ: Sm Mass,2.2069,2
without,1998,Size μ: Lg Mass,2.6522,1
without,1998,Size σ: Tab Acro,0.1924,13
without,1998,Size σ: Cor Acro,-0.0858,19
without,1998,Size σ: Cor non-Acro,-0.0356,17
without,1998,Size σ: Sm Mass,0.4714,7
without,1998,Size σ: Lg Mass,0.2951,9
without,1998,Scaler: Tab Acro,0.029,14
without,1998,Scaler: Cor Acro,-0.0118,16
without,1998,Scaler: Cor non-Acro,-0.1149,20
without,1998,Scaler: Sm Mass,-0.1611,23
without,1998,Scaler: Lg Mass,-0.0776,18
without,1998,External Recruitment,-0.1604,22
without,1998,Self-seeding,-0.1196,21
without,1999,Density,2.1504,3
without,1999,Prop: Tab Acro,0.1224,13
without,1999,Prop: Cor Acro,0.53,6
without,1999,Prop: Cor non-Acro,0.2358,12
without,1999,Prop: Sm Mass,0.4177,8
without,1999,Prop: Lg Mass,0.9007,4
without,1999,Size μ: Tab Acro,0.7412,5
without,1999,Size μ: Cor Acro,0.2435,11
without,1999,Size μ: Cor non-Acro,0.2545,10
without,1999,Size μ: Sm Mass,2.3073,2
without,1999,Size μ: Lg Mass,2.7303,1
without,1999,Size σ: Tab Acro,0.1115,14
without,1999,Size σ: Cor Acro,-0.0666,19
without,1999,Size σ: Cor non-Acro,-0.0123,17
without,1999,Size σ: Sm Mass,0.5298,7
without,1999,Size σ: Lg Mass,0.3417,9
without,1999,Scaler: Tab Acro,0.0852,15
without,1999,Scaler: Cor Acro,0.0179,16
without,1999,Scaler: Cor non-Acro,-0.0826,20
without,1999,Scaler: Sm Mass,-0.1054,22
without,1999,Scaler: Lg Mass,-0.0654,18
without,1999,External Recruitment,-0.1119,23
without,1999,Self-seeding,-0.102,21
without,2000,Density,2.1064,3
without,2000,Prop: Tab Acro,0.1863,12
without,2000,Prop: Cor Acro,0.5697,6
without,2000,Prop: Cor non-Acro,0.2415,11
without,2000,Prop: Sm Mass,0.4894,8
without,2000,Prop: Lg Mass,0.9617,4
without,2000,Size μ: Tab Acro,0.6492,5
without,2000,Size μ: Cor Acro,0.1759,13
without,2000,Size μ: Cor non-Acro,0.2527,10
without,2000,Size μ: Sm Mass,2.3687,2
without,2000,Size μ: Lg Mass,2.7815,1
without,2000,Size σ: Tab Acro,0.0636,15
without,2000,Size σ: Cor Acro,-0.0268,18
without,2000,Size σ: Cor non-Acro,-0.0157,17
without,2000,Size σ: Sm Mass,0.5577,7
without,2000,Size σ: Lg Mass,0.3926,9
without,2000,Scaler: Tab Acro,0.1292,14
without,2000,Scaler: Cor Acro,0.029,16
without,2000,Scaler: Cor non-Acro,-0.0452,20
without,2000,Scaler: Sm Mass,-0.0994,23
without,2000,Scaler: Lg Mass,-0.0306,19
without,2000,External Recruitment,-0.0983,22
without,2000,Self-seeding,-0.0767,21
without,2001,Density,2.0592,3
without,2001,Prop: Tab Acro,0.248,12
without,2001,Prop: Cor Acro,0.6342,5
without,2001,Prop: Cor non-Acro,0.2763,10
without,2001,Prop: Sm Mass,0.5606,8
without,2001,Prop: Lg Mass,1.0141,4
without,2001,Size μ: Tab Acro,0.5841,7
without,2001,Size μ: Cor Acro,0.1216,14
without,2001,Size μ: Cor non-Acro,0.2664,11
without,2001,Size μ: Sm Mass,2.4296,2
without,2001,Size μ: Lg Mass,2.8437,1
without,2001,Size σ: Tab Acro,0.003,16
without,2001,Size σ: Cor Acro,-0.0069,18
without,2001,Size σ: Cor non-Acro,-0.012,19
without,2001,Size σ: Sm Mass,0.5998,6
without,2001,Size σ: Lg Mass,0.4184,9
without,2001,Scaler: Tab Acro,0.16,13
without,2001,Scaler: Cor Acro,0.017,15
without,2001,Scaler: Cor non-Acro,-0.0274,20
without,2001,Scaler: Sm Mass,-0.0626,22
without,2001,Scaler: Lg Mass,0.0022,17
without,2001,External Recruitment,-0.0672,23
without,2001,Self-seeding,-0.0501,21
without,2002,Density,1.9012,3
without,2002,Prop: Tab Acro,0.2386,10
without,2002,Prop: Cor Acro,0.608,5
without,2002,Prop: Cor non-Acro,0.2234,11
without,2002,Prop: Sm Mass,0.5384,7
without,2002,Prop: Lg Mass,0.9866,4
without,2002,Size μ: Tab Acro,0.4108,8
without,2002,Size μ: Cor Acro,0.0136,14
without,2002,Size μ: Cor non-Acro,0.1813,12
without,2002,Size μ: Sm Mass,2.4029,2
without,2002,Size μ: Lg Mass,2.8028,1
without,2002,Size σ: Tab Acro,-0.0895,19
without,2002,Size σ: Cor Acro,-0.0667,16
without,2002,Size σ: Cor non-Acro,-0.0865,18
without,2002,Size σ: Sm Mass,0.5481,6
without,2002,Size σ: Lg Mass,0.3755,9
without,2002,Scaler: Tab Acro,0.1155,13
without,2002,Scaler: Cor Acro,-0.0985,20
without,2002,Scaler: Cor non-Acro,-0.0682,17
without,2002,Scaler: Sm Mass,-0.1134,22
without,2002,Scaler: Lg Mass,-0.0505,15
without,2002,External Recruitment,-0.1202,23
without,2002,Self-seeding,-0.1045,21
without,2003,Density,1.7823,3
without,2003,Prop: Tab Acro,0.2533,10
without,2003,Prop: Cor Acro,0.6301,5
without,2003,Prop: Cor non-Acro,0.2132,11
without,2003,Prop: Sm Mass,0.566,6
without,2003,Prop: Lg Mass,1.0101,4
without,2003,Size μ: Tab Acro,0.323,9
without,2003,Size μ: Cor Acro,-0.064,14
without,2003,Size μ: Cor non-Acro,0.1351,12
without,2003,Size μ: Sm Mass,2.3949,2
without,2003,Size μ: Lg Mass,2.8154,1
without,2003,Size σ: Tab Acro,-0.0962,17
without,2003,Size σ: Cor Acro,-0.0989,18
without,2003,Size σ: Cor non-Acro,-0.1121,19
without,2003,Size σ: Sm Mass,0.5583,7
without,2003,Size σ: Lg Mass,0.3848,8
without,2003,Scaler: Tab Acro,0.1001,13
without,2003,Scaler: Cor Acro,-0.1571,23
without,2003,Scaler: Cor non-Acro,-0.0754,16
without,2003,Scaler: Sm Mass,-0.1256,20
without,2003,Scaler: Lg Mass,-0.0691,15
without,2003,External Recruitment,-0.1435,22
without,2003,Self-seeding,-0.1309,21
without,2004,Density,1.6984,3
without,2004,Prop: Tab Acro,0.271,9
without,2004,Prop: Cor Acro,0.6765,5
without,2004,Prop: Cor non-Acro,0.2156,11
without,2004,Prop: Sm Mass,0.6239,6
without,2004,Prop: Lg Mass,1.041,4
without,2004,Size μ: Tab Acro,0.2555,10
without,2004,Size μ: Cor Acro,-0.1057,19
without,2004,Size μ: Cor non-Acro,0.1226,12
without,2004,Size μ: Sm Mass,2.4421,2
without,2004,Size μ: Lg Mass,2.8322,1
without,2004,Size σ: Tab Acro,-0.0849,16
without,2004,Size σ: Cor Acro,-0.1052,18
without,2004,Size σ: Cor non-Acro,-0.1036,17
without,2004,Size σ: Sm Mass,0.5855,7
without,2004,Size σ: Lg Mass,0.4086,8
without,2004,Scaler: Tab Acro,0.0907,13
without,2004,Scaler: Cor Acro,-0.1735,23
without,2004,Scaler: Cor non-Acro,-0.0569,14
without,2004,Scaler: Sm Mass,-0.1192,21
without,2004,Scaler: Lg Mass,-0.0607,15
without,2004,External Recruitment,-0.1434,22
without,2004,Self-seeding,-0.1122,20
without,2005,Density,1.7424,3
without,2005,Prop: Tab Acro,0.3971,9
without,2005,Prop: Cor Acro,0.8291,5
without,2005,Prop: Cor non-Acro,0.3206,10
without,2005,Prop: Sm Mass,0.762,6
without,2005,Prop: Lg Mass,1.1903,4
without,2005,Size μ: Tab Acro,0.2908,11
without,2005,Size μ: Cor Acro,-0.0111,19
without,2005,Size μ: Cor non-Acro,0.2124,12
without,2005,Size μ: Sm Mass,2.5724,2
without,2005,Size μ: Lg Mass,2.9483,1
without,2005,Size σ: Tab Acro,0.0397,16
without,2005,Size σ: Cor Acro,0.0004,18
without,2005,Size σ: Cor non-Acro,-0.0158,21
without,2005,Size σ: Sm Mass,0.699,7
without,2005,Size σ: Lg Mass,0.5334,8
without,2005,Scaler: Tab Acro,0.1923,13
without,2005,Scaler: Cor Acro,-0.0607,23
without,2005,Scaler: Cor non-Acro,0.0588,14
without,2005,Scaler: Sm Mass,0.0005,17
without,2005,Scaler: Lg Mass,0.0562,15
without,2005,External Recruitment,-0.0309,22
without,2005,Self-seeding,-0.0155,20
without,2006,Density,1.6398,3
without,2006,Prop: Tab Acro,0.3641,9
without,2006,Prop: Cor Acro,0.8048,5
without,2006,Prop: Cor non-Acro,0.3,10
without,2006,Prop: Sm Mass,0.7416,6
without,2006,Prop: Lg Mass,1.1732,4
without,2006,Size μ: Tab Acro,0.1996,11
without,2006,Size μ: Cor Acro,-0.0517,19
without,2006,Size μ: Cor non-Acro,0.1828,12
without,2006,Size μ: Sm Mass,2.5454,2
without,2006,Size μ: Lg Mass,2.9211,1
without,2006,Size σ: Tab Acro,0.0016,16
without,2006,Size σ: Cor Acro,-0.0411,17
without,2006,Size σ: Cor non-Acro,-0.0686,21
without,2006,Size σ: Sm Mass,0.6565,7
without,2006,Size σ: Lg Mass,0.5018,8
without,2006,Scaler: Tab Acro,0.1427,13
without,2006,Scaler: Cor Acro,-0.1047,23
without,2006,Scaler: Cor non-Acro,0.0321,14
without,2006,Scaler: Sm Mass,-0.0458,18
without,2006,Scaler: Lg Mass,0.009,15
without,2006,External Recruitment,-0.068,20
without,2006,Self-seeding,-0.0744,22
without,2007,Density,1.4445,3
without,2007,Prop: Tab Acro,0.2567,9
without,2007,Prop: Cor Acro,0.7012,5
without,2007,Prop: Cor non-Acro,0.1587,10
without,2007,Prop: Sm Mass,0.6409,6
without,2007,Prop: Lg Mass,1.0783,4
without,2007,Size μ: Tab Acro,0.0095,12
without,2007,Size μ: Cor Acro,-0.1879,18
without,2007,Size μ: Cor non-Acro,0.0242,11
without,2007,Size μ: Sm Mass,2.443,2
without,2007,Size μ: Lg Mass,2.8,1
without,2007,Size σ: Tab Acro,-0.1148,15
without,2007,Size σ: Cor Acro,-0.191,19
without,2007,Size σ: Cor non-Acro,-0.2161,22
without,2007,Size σ: Sm Mass,0.5422,7
without,2007,Size σ: Lg Mass,0.3887,8
without,2007,Scaler: Tab Acro,-0.0104,13
without,2007,Scaler: Cor Acro,-0.2187,23
without,2007,Scaler: Cor non-Acro,-0.0982,14
without,2007,Scaler: Sm Mass,-0.1671,17
without,2007,Scaler: Lg Mass,-0.1206,16
without,2007,External Recruitment,-0.2059,21
without,2007,Self-seeding,-0.1916,20
without,2008,Density,1.4238,3
without,2008,Prop: Tab Acro,0.3128,9
without,2008,Prop: Cor Acro,0.7563,5
without,2008,Prop: Cor non-Acro,0.2045,10
without,2008,Prop: Sm Mass,0.7054,6
without,2008,Prop: Lg Mass,1.1347,4
without,2008,Size μ: Tab Acro,0.0112,13
without,2008,Size μ: Cor Acro,-0.1602,21
without,2008,Size μ: Cor non-Acro,0.0531,11
without,2008,Size μ: Sm Mass,2.4876,2
without,2008,Size μ: Lg Mass,2.856,1
without,2008,Size σ: Tab Acro,-0.0684,15
without,2008,Size σ: Cor Acro,-0.1514,19
without,2008,Size σ: Cor non-Acro,-0.1719,23
without,2008,Size σ: Sm Mass,0.5874,7
without,2008,Size σ: Lg Mass,0.4273,8
without,2008,Scaler: Tab Acro,0.0321,12
without,2008,Scaler: Cor Acro,-0.1689,22
without,2008,Scaler: Cor non-Acro,-0.0495,14
without,2008,Scaler: Sm Mass,-0.1341,17
without,2008,Scaler: Lg Mass,-0.075,16
without,2008,External Recruitment,-0.1574,20
without,2008,Self-seeding,-0.1484,18
without,2009,Density,1.4996,3
without,2009,Prop: Tab Acro,0.4484,9
without,2009,Prop: Cor Acro,0.8671,5
without,2009,Prop: Cor non-Acro,0.3189,10
without,2009,Prop: Sm Mass,0.844,6
without,2009,Prop: Lg Mass,1.2664,4
without,2009,Size μ: Tab Acro,0.0859,13
without,2009,Size μ: Cor Acro,-0.0483,22
without,2009,Size μ: Cor non-Acro,0.1571,11
without,2009,Size μ: Sm Mass,2.6071,2
without,2009,Size μ: Lg Mass,2.9744,1
without,2009,Size σ: Tab Acro,0.0435,15
without,2009,Size σ: Cor Acro,-0.0361,18
without,2009,Size σ: Cor non-Acro,-0.0571,23
without,2009,Size σ: Sm Mass,0.7011,7
without,2009,Size σ: Lg Mass,0.5497,8
without,2009,Scaler: Tab Acro,0.1383,12
without,2009,Scaler: Cor Acro,-0.047,21
without,2009,Scaler: Cor non-Acro,0.0604,14
without,2009,Scaler: Sm Mass,-0.0188,17
without,2009,Scaler: Lg Mass,0.0324,16
without,2009,External Recruitment,-0.0453,20
without,2009,Self-seeding,-0.042,19
without,2010,Density,1.4402,3
without,2010,Prop: Tab Acro,0.4436,9
without,2010,Prop: Cor Acro,0.8524,5
without,2010,Prop: Cor non-Acro,0.2948,10
without,2010,Prop: Sm Mass,0.8456,6
without,2010,Prop: Lg Mass,1.2627,4
without,2010,Size μ: Tab Acro,0.022,15
without,2010,Size μ: Cor Acro,-0.0637,19
without,2010,Size μ: Cor non-Acro,0.1281,11
without,2010,Size μ: Sm Mass,2.5882,2
without,2010,Size μ: Lg Mass,2.9382,1
without,2010,Size σ: Tab Acro,0.0302,14
without,2010,Size σ: Cor Acro,-0.0767,21
without,2010,Size σ: Cor non-Acro,-0.0886,23
without,2010,Size σ: Sm Mass,0.69,7
without,2010,Size σ: Lg Mass,0.5171,8
without,2010,Scaler: Tab Acro,0.1172,12
without,2010,Scaler: Cor Acro,-0.0802,22
without,2010,Scaler: Cor non-Acro,0.0567,13
without,2010,Scaler: Sm Mass,-0.0355,17
without,2010,Scaler: Lg Mass,0.0005,16
without,2010,External Recruitment,-0.0757,20
without,2010,Self-seeding,-0.0598,18
without,2011,Density,1.4369,3
without,2011,Prop: Tab Acro,0.4793,9
without,2011,Prop: Cor Acro,0.8867,6
without,2011,Prop: Cor non-Acro,0.3207,10
without,2011,Prop: Sm Mass,0.8878,5
without,2011,Prop: Lg Mass,1.3035,4
without,2011,Size μ: Tab Acro,0.016,16
without,2011,Size μ: Cor Acro,-0.036,19
without,2011,Size μ: Cor non-Acro,0.1273,12
without,2011,Size μ: Sm Mass,2.6138,2
without,2011,Size μ: Lg Mass,2.9641,1
without,2011,Size σ: Tab Acro,0.0477,14
without,2011,Size σ: Cor Acro,-0.0461,20
without,2011,Size σ: Cor non-Acro,-0.0536,22
without,2011,Size σ: Sm Mass,0.72,7
without,2011,Size σ: Lg Mass,0.5572,8
without,2011,Scaler: Tab Acro,0.1496,11
without,2011,Scaler: Cor Acro,-0.0537,23
without,2011,Scaler: Cor non-Acro,0.0732,13
without,2011,Scaler: Sm Mass,-0.0013,17
without,2011,Scaler: Lg Mass,0.0315,15
without,2011,External Recruitment,-0.0506,21
without,2011,Self-seeding,-0.0306,18
without,2012,Density,1.3453,3
without,2012,Prop: Tab Acro,0.4387,9
without,2012,Prop: Cor Acro,0.8182,6
without,2012,Prop: Cor non-Acro,0.2629,10
without,2012,Prop: Sm Mass,0.8299,5
without,2012,Prop: Lg Mass,1.2506,4
without,2012,Size μ: Tab Acro,-0.0683,17
without,2012,Size μ: Cor Acro,-0.0881,18
without,2012,Size μ: Cor non-Acro,0.0521,12
without,2012,Size μ: Sm Mass,2.5454,2
without,2012,Size μ: Lg Mass,2.9007,1
without,2012,Size σ: Tab Acro,-0.0241,14
without,2012,Size σ: Cor Acro,-0.1074,21
without,2012,Size σ: Cor non-Acro,-0.1164,22
without,2012,Size σ: Sm Mass,0.6493,7
without,2012,Size σ: Lg Mass,0.4854,8
without,2012,Scaler: Tab Acro,0.0791,11
without,2012,Scaler: Cor Acro,-0.1191,23
without,2012,Scaler: Cor non-Acro,0.0107,13
without,2012,Scaler: Sm Mass,-0.0571,16
without,2012,Scaler: Lg Mass,-0.0365,15
without,2012,External Recruitment,-0.1034,20
without,2012,Self-seeding,-0.0886,19
without,2013,Density,1.3172,3
without,2013,Prop: Tab Acro,0.4506,9
without,2013,Prop: Cor Acro,0.8207,6
without,2013,Prop: Cor non-Acro,0.2712,10
without,2013,Prop: Sm Mass,0.8541,5
without,2013,Prop: Lg Mass,1.26,4
without,2013,Size μ: Tab Acro,-0.079,17
without,2013,Size μ: Cor Acro,-0.0939,19
without,2013,Size μ: Cor non-Acro,0.0426,12
without,2013,Size μ: Sm Mass,2.5545,2
without,2013,Size μ: Lg Mass,2.9005,1
without,2013,Size σ: Tab Acro,-0.0194,14
without,2013,Size σ: Cor Acro,-0.1106,20
without,2013,Size σ: Cor non-Acro,-0.1142,22
without,2013,Size σ: Sm Mass,0.6524,7
without,2013,Size σ: Lg Mass,0.5058,8
without,2013,Scaler: Tab Acro,0.0659,11
without,2013,Scaler: Cor Acro,-0.1209,23
without,2013,Scaler: Cor non-Acro,0.0116,13
without,2013,Scaler: Sm Mass,-0.0473,16
without,2013,Scaler: Lg Mass,-0.03,15
without,2013,External Recruitment,-0.1121,21
without,2013,Self-seeding,-0.0916,18
without,2014,Density,1.2647,3
without,2014,Prop: Tab Acro,0.4305,9
without,2014,Prop: Cor Acro,0.7794,6
without,2014,Prop: Cor non-Acro,0.2368,10
without,2014,Prop: Sm Mass,0.8294,5
without,2014,Prop: Lg Mass,1.2364,4
without,2014,Size μ: Tab Acro,-0.1133,17
without,2014,Size μ: Cor Acro,-0.1188,18
without,2014,Size μ: Cor non-Acro,-0.0107,12
without,2014,Size μ: Sm Mass,2.5258,2
without,2014,Size μ: Lg Mass,2.8611,1
without,2014,Size σ: Tab Acro,-0.047,14
without,2014,Size σ: Cor Acro,-0.1472,22
without,2014,Size σ: Cor non-Acro,-0.1446,21
without,2014,Size σ: Sm Mass,0.6191,7
without,2014,Size σ: Lg Mass,0.4671,8
without,2014,Scaler: Tab Acro,0.049,11
without,2014,Scaler: Cor Acro,-0.1619,23
without,2014,Scaler: Cor non-Acro,-0.0235,13
without,2014,Scaler: Sm Mass,-0.0816,16
without,2014,Scaler: Lg Mass,-0.0586,15
without,2014,External Recruitment,-0.1364,20
without,2014,Self-seeding,-0.121,19
without,2015,Density,1.2309,3
without,2015,Prop: Tab Acro,0.4135,9
without,2015,Prop: Cor Acro,0.759,6
without,2015,Prop: Cor non-Acro,0.2222,10
without,2015,Prop: Sm Mass,0.8143,5
without,2015,Prop: Lg Mass,1.2213,4
without,2015,Size μ: Tab Acro,-0.1374,17
without,2015,Size μ: Cor Acro,-0.1471,20
without,2015,Size μ: Cor non-Acro,-0.0403,12
without,2015,Size μ: Sm Mass,2.5121,2
without,2015,Size μ: Lg Mass,2.8407,1
without,2015,Size σ: Tab Acro,-0.0799,15
without,2015,Size σ: Cor Acro,-0.1659,21
without,2015,Size σ: Cor non-Acro,-0.1788,22
without,2015,Size σ: Sm Mass,0.6001,7
without,2015,Size σ: Lg Mass,0.4342,8
without,2015,Scaler: Tab Acro,0.0308,11
without,2015,Scaler: Cor Acro,-0.1809,23
without,2015,Scaler: Cor non-Acro,-0.0478,13
without,2015,Scaler: Sm Mass,-0.0958,16
without,2015,Scaler: Lg Mass,-0.0773,14
without,2015,External Recruitment,-0.1393,18
without,2015,Self-seeding,-0.1469,19
without,2016,Density,1.3016,4
without,2016,Prop: Tab Acro,0.4969,9
without,2016,Prop: Cor Acro,0.8151,6
without,2016,Prop: Cor non-Acro,0.3,10
without,2016,Prop: Sm Mass,0.8991,5
without,2016,Prop: Lg Mass,1.3045,3
without,2016,Size μ: Tab Acro,-0.0805,20
without,2016,Size μ: Cor Acro,-0.08,19
without,2016,Size μ: Cor non-Acro,0.0184,12
without,2016,Size μ: Sm Mass,2.5889,2
without,2016,Size μ: Lg Mass,2.9129,1
without,2016,Size σ: Tab Acro,-0.0039,15
without,2016,Size σ: Cor Acro,-0.096,22
without,2016,Size σ: Cor non-Acro,-0.0941,21
without,2016,Size σ: Sm Mass,0.6626,7
without,2016,Size σ: Lg Mass,0.5003,8
without,2016,Scaler: Tab Acro,0.1034,11
without,2016,Scaler: Cor Acro,-0.1043,23
without,2016,Scaler: Cor non-Acro,0.0163,13
without,2016,Scaler: Sm Mass,-0.0296,16
without,2016,Scaler: Lg Mass,0.0106,14
without,2016,External Recruitment,-0.0722,17
without,2016,Self-seeding,-0.0782,18
without,2017,Density,1.1803,4
without,2017,Prop: Tab Acro,0.443,9
without,2017,Prop: Cor Acro,0.7038,6
without,2017,Prop: Cor non-Acro,0.2717,10
without,2017,Prop: Sm Mass,0.8028,5
without,2017,Prop: Lg Mass,1.2993,3
without,2017,Size μ: Tab Acro,-0.1645,22
without,2017,Size μ: Cor Acro,-0.1406,18
without,2017,Size μ: Cor non-Acro,-0.0839,14
without,2017,Size μ: Sm Mass,2.4398,2
without,2017,Size μ: Lg Mass,2.9086,1
without,2017,Size σ: Tab Acro,-0.0901,15
without,2017,Size σ: Cor Acro,-0.1554,20
without,2017,Size σ: Cor non-Acro,-0.1407,19
without,2017,Size σ: Sm Mass,0.5592,7
without,2017,Size σ: Lg Mass,0.4515,8
without,2017,Scaler: Tab Acro,0.0441,11
without,2017,Scaler: Cor Acro,-0.1795,23
without,2017,Scaler: Cor non-Acro,-0.0528,13
without,2017,Scaler: Sm Mass,-0.0947,16
without,2017,Scaler: Lg Mass,-0.0523,12
without,2017,External Recruitment,-0.1382,17
without,2017,Self-seeding,-0.1606,21
without,2018,Density,1.2417,4
without,2018,Prop: Tab Acro,0.506,9
without,2018,Prop: Cor Acro,0.7681,6
without,2018,Prop: Cor non-Acro,0.3374,10
without,2018,Prop: Sm Mass,0.8645,5
without,2018,Prop: Lg Mass,1.3688,3
without,2018,Size μ: Tab Acro,-0.1093,22
without,2018,Size μ: Cor Acro,-0.0851,19
without,2018,Size μ: Cor non-Acro,-0.0311,16
without,2018,Size μ: Sm Mass,2.5071,2
without,2018,Size μ: Lg Mass,2.9659,1
without,2018,Size σ: Tab Acro,-0.0273,14
without,2018,Size σ: Cor Acro,-0.0936,20
without,2018,Size σ: Cor non-Acro,-0.0782,18
without,2018,Size σ: Sm Mass,0.618,7
without,2018,Size σ: Lg Mass,0.5066,8
without,2018,Scaler: Tab Acro,0.1175,11
without,2018,Scaler: Cor Acro,-0.1165,23
without,2018,Scaler: Cor non-Acro,0.0136,12
without,2018,Scaler: Sm Mass,-0.031,15
without,2018,Scaler: Lg Mass,0.0094,13
without,2018,External Recruitment,-0.0693,17
without,2018,Self-seeding,-0.0967,21
without,2019,Density,1.1896,4
without,2019,Prop: Tab Acro,0.4518,9
without,2019,Prop: Cor Acro,0.7087,6
without,2019,Prop: Cor non-Acro,0.2886,10
without,2019,Prop: Sm Mass,0.8143,5
without,2019,Prop: Lg Mass,1.3206,3
without,2019,Size μ: Tab Acro,-0.1672,22
without,2019,Size μ: Cor Acro,-0.142,19
without,2019,Size μ: Cor non-Acro,-0.0818,14
without,2019,Size μ: Sm Mass,2.4539,2
without,2019,Size μ: Lg Mass,2.912,1
without,2019,Size σ: Tab Acro,-0.0883,16
without,2019,Size σ: Cor Acro,-0.1496,21
without,2019,Size σ: Cor non-Acro,-0.1314,18
without,2019,Size σ: Sm Mass,0.5586,7
without,2019,Size σ: Lg Mass,0.4533,8
without,2019,Scaler: Tab Acro,0.0629,11
without,2019,Scaler: Cor Acro,-0.1707,23
without,2019,Scaler: Cor non-Acro,-0.038,12
without,2019,Scaler: Sm Mass,-0.0842,15
without,2019,Scaler: Lg Mass,-0.0391,13
without,2019,External Recruitment,-0.1227,17
without,2019,Self-seeding,-0.1467,20
without,2020,Density,1.2542,4
without,2020,Prop: Tab Acro,0.5216,9
without,2020,Prop: Cor Acro,0.7797,6
without,2020,Prop: Cor non-Acro,0.3569,10
without,2020,Prop: Sm Mass,0.8872,5
without,2020,Prop: Lg Mass,1.3949,3
without,2020,Size μ: Tab Acro,-0.0986,22
without,2020,Size μ: Cor Acro,-0.0775,20
without,2020,Size μ: Cor non-Acro,-0.0162,15
without,2020,Size μ: Sm Mass,2.5229,2
without,2020,Size μ: Lg Mass,2.9789,1
without,2020,Size σ: Tab Acro,-0.0188,16
without,2020,Size σ: Cor Acro,-0.0852,21
without,2020,Size σ: Cor non-Acro,-0.0528,17
without,2020,Size σ: Sm Mass,0.6258,7
without,2020,Size σ: Lg Mass,0.5263,8
without,2020,Scaler: Tab Acro,0.1315,11
without,2020,Scaler: Cor Acro,-0.0995,23
without,2020,Scaler: Cor non-Acro,0.031,12
without,2020,Scaler: Sm Mass,-0.0146,14
without,2020,Scaler: Lg Mass,0.0285,13
without,2020,External Recruitment,-0.0609,18
without,2020,Self-seeding,-0.0772,19
without,2021,Density,1.2222,4
without,2021,Prop: Tab Acro,0.4894,8
without,2021,Prop: Cor Acro,0.7442,6
without,2021,Prop: Cor non-Acro,0.3188,10
without,2021,Prop: Sm Mass,0.851,5
without,2021,Prop: Lg Mass,1.3555,3
without,2021,Size μ: Tab Acro,-0.1355,22
without,2021,Size μ: Cor Acro,-0.1109,19
without,2021,Size μ: Cor non-Acro,-0.0635,16
without,2021,Size μ: Sm Mass,2.4839,2
without,2021,Size μ: Lg Mass,2.9325,1
without,2021,Size σ: Tab Acro,-0.063,15
without,2021,Size σ: Cor Acro,-0.1278,21
without,2021,Size σ: Cor non-Acro,-0.0948,17
without,2021,Size σ: Sm Mass,0.5825,7
without,2021,Size σ: Lg Mass,0.4837,9
without,2021,Scaler: Tab Acro,0.0926,11
without,2021,Scaler: Cor Acro,-0.139,23
without,2021,Scaler: Cor non-Acro,-0.01,12
without,2021,Scaler: Sm Mass,-0.0512,14
without,2021,Scaler: Lg Mass,-0.0145,13
without,2021,External Recruitment,-0.0993,18
without,2021,Self-seeding,-0.1171,20
without,2022,Density,1.2983,4
without,2022,Prop: Tab Acro,0.572,8
without,2022,Prop: Cor Acro,0.827,6
without,2022,Prop: Cor non-Acro,0.3947,10
without,2022,Prop: Sm Mass,0.9349,5
without,2022,Prop: Lg Mass,1.4462,3
without,2022,Size μ: Tab Acro,-0.0566,22
without,2022,Size μ: Cor Acro,-0.0336,19
without,2022,Size μ: Cor non-Acro,0.01,16
without,2022,Size μ: Sm Mass,2.5699,2
without,2022,Size μ: Lg Mass,3.0147,1
without,2022,Size σ: Tab Acro,0.0201,15
without,2022,Size σ: Cor Acro,-0.0482,21
without,2022,Size σ: Cor non-Acro,-0.0146,17
without,2022,Size σ: Sm Mass,0.6577,7
without,2022,Size σ: Lg Mass,0.5625,9
without,2022,Scaler: Tab Acro,0.1696,11
without,2022,Scaler: Cor Acro,-0.0571,23
without,2022,Scaler: Cor non-Acro,0.0678,12
without,2022,Scaler: Sm Mass,0.0299,14
without,2022,Scaler: Lg Mass,0.0639,13
without,2022,External Recruitment,-0.0216,18
without,2022,Self-seeding,-0.0351,20
without,2023,Density,1.2302,4
without,2023,Prop: Tab Acro,0.513,8
without,2023,Prop: Cor Acro,0.767,6
without,2023,Prop: Cor non-Acro,0.3298,10
without,2023,Prop: Sm Mass,0.8733,5
without,2023,Prop: Lg Mass,1.387,3
without,2023,Size μ: Tab Acro,-0.1302,23
without,2023,Size μ: Cor Acro,-0.0979,19
without,2023,Size μ: Cor non-Acro,-0.06,16
without,2023,Size μ: Sm Mass,2.504,2
without,2023,Size μ: Lg Mass,2.9499,1
without,2023,Size σ: Tab Acro,-0.045,15
without,2023,Size σ: Cor Acro,-0.1154,21
without,2023,Size σ: Cor non-Acro,-0.0815,17
without,2023,Size σ: Sm Mass,0.5869,7
without,2023,Size σ: Lg Mass,0.4953,9
without,2023,Scaler: Tab Acro,0.1029,11
without,2023,Scaler: Cor Acro,-0.1164,22
without,2023,Scaler: Cor non-Acro,0.0008,12
without,2023,Scaler: Sm Mass,-0.0238,14
without,2023,Scaler: Lg Mass,0.0005,13
without,2023,External Recruitment,-0.0857,18
without,2023,Self-seeding,-0.1001,20
difference,1994,Density,0.0,1
difference,1994,Prop: Tab Acro,0.0,2
difference,1994,Prop: Cor Acro,0.0,3
difference,1994,Prop: Cor non-Acro,0.0,4
difference,1994,Prop: Sm Mass,0.0,5
difference,1994,Prop: Lg Mass,0.0,6
difference,1994,Size μ: Tab Acro,0.0,7
difference,1994,Size μ: Cor Acro,0.0,8
difference,1994,Size μ: Cor non-Acro,0.0,9
difference,1994,Size μ: Sm Mass,0.0,10
difference,1994,Size μ: Lg Mass,0.0,11
difference,1994,Size σ: Tab Acro,0.0,12
difference,1994,Size σ: Cor Acro,0.0,13
difference,1994,Size σ: Cor non-Acro,0.0,14
difference,1994,Size σ: Sm Mass,0.0,15
difference,1994,Size σ: Lg Mass,0.0,16
difference,1994,Scaler: Tab Acro,0.0,17
difference,1994,Scaler: Cor Acro,0.0,18
difference,1994,Scaler: Cor non-Acro,0.0,19
difference,1994,Scaler: Sm Mass,0.0,20
difference,1994,Scaler: Lg Mass,0.0,21
difference,1994,External Recruitment,0.0,22
difference,1994,Self-seeding,0.0,23
difference,1995,Density,0.316,9
difference,1995,Prop: Tab Acro,0.295,11
difference,1995,Prop: Cor Acro,0.082,17
difference,1995,Prop: Cor non-Acro,0.5,7
difference,1995,Prop: Sm Mass,0.1514,14
difference,1995,Prop: Lg Mass,-0.0241,21
difference,1995,Size μ: Tab Acro,0.8693,5
difference,1995,Size μ: Cor Acro,0.5497,6
difference,1995,Size μ: Cor non-Acro,1.0926,4
difference,1995,Size μ: Sm Mass,-0.1194,23
difference,1995,Size μ: Lg Mass,0.0056,20
difference,1995,Size σ: Tab Acro,1.5639,3
difference,1995,Size σ: Cor Acro,0.298,10
difference,1995,Size σ: Cor non-Acro,0.4233,8
difference,1995,Size σ: Sm Mass,0.0064,19
difference,1995,Size σ: Lg Mass,0.1119,16
difference,1995,Scaler: Tab Acro,-0.108,22
difference,1995,Scaler: Cor Acro,0.0728,18
difference,1995,Scaler: Cor non-Acro,0.1434,15
difference,1995,Scaler: Sm Mass,0.1568,13
difference,1995,Scaler: Lg Mass,0.2214,12
difference,1995,External Recruitment,2.5351,1
difference,1995,Self-seeding,2.324,2
difference,1996,Density,0.2968,11
difference,1996,Prop: Tab Acro,0.2271,15
difference,1996,Prop: Cor Acro,0.1621,18
difference,1996,Prop: Cor non-Acro,0.6546,7
difference,1996,Prop: Sm Mass,0.4417,9
difference,1996,Prop: Lg Mass,0.2469,14
difference,1996,Size μ: Tab Acro,0.7287,6
difference,1996,Size μ: Cor Acro,1.2115,3
difference,1996,Size μ: Cor non-Acro,1.1993,4
difference,1996,Size μ: Sm Mass,0.2821,13
difference,1996,Size μ: Lg Mass,0.1667,17
difference,1996,Size σ: Tab Acro,1.1059,5
difference,1996,Size σ: Cor Acro,0.4183,10
difference,1996,Size σ: Cor non-Acro,0.5163,8
difference,1996,Size σ: Sm Mass,0.0865,21
difference,1996,Size σ: Lg Mass,0.0974,20
difference,1996,Scaler: Tab Acro,-0.0282,23
difference,1996,Scaler: Cor Acro,0.2896,12
difference,1996,Scaler: Cor non-Acro,0.2056,16
difference,1996,Scaler: Sm Mass,0.0184,22
difference,1996,Scaler: Lg Mass,0.1529,19
difference,1996,External Recruitment,2.3828,1
difference,1996,Self-seeding,2.3692,2
difference,1997,Density,0.1317,18
difference,1997,Prop: Tab Acro,0.1492,16
difference,1997,Prop: Cor Acro,0.2657,15
difference,1997,Prop: Cor non-Acro,0.6614,5
difference,1997,Prop: Sm Mass,0.494,9
difference,1997,Prop: Lg Mass,0.3136,14
difference,1997,Size μ: Tab Acro,0.5127,8
difference,1997,Size μ: Cor Acro,1.3491,3
difference,1997,Size μ: Cor non-Acro,1.0392,4
difference,1997,Size μ: Sm Mass,0.4377,10
difference,1997,Size μ: Lg Mass,0.4245,12
difference,1997,Size σ: Tab Acro,0.6333,6
difference,1997,Size σ: Cor Acro,0.5241,7
difference,1997,Size σ: Cor non-Acro,0.4265,11
difference,1997,Size σ: Sm Mass,0.0383,20
difference,1997,Size σ: Lg Mass,-0.0189,22
difference,1997,Scaler: Tab Acro,-0.0034,21
difference,1997,Scaler: Cor Acro,0.3821,13
difference,1997,Scaler: Cor non-Acro,0.1361,17
difference,1997,Scaler: Sm Mass,-0.0899,23
difference,1997,Scaler: Lg Mass,0.0814,19
difference,1997,External Recruitment,2.1261,2
difference,1997,Self-seeding,2.1689,1
difference,1998,Density,-0.0045,22
difference,1998,Prop: Tab Acro,0.1895,16
difference,1998,Prop: Cor Acro,0.4447,10
difference,1998,Prop: Cor non-Acro,0.6968,5
difference,1998,Prop: Sm Mass,0.5049,9
difference,1998,Prop: Lg Mass,0.4041,12
difference,1998,Size μ: Tab Acro,0.3013,15
difference,1998,Size μ: Cor Acro,1.4911,3
difference,1998,Size μ: Cor non-Acro,0.8949,4
difference,1998,Size μ: Sm Mass,0.612,6
difference,1998,Size μ: Lg Mass,0.5454,7
difference,1998,Size σ: Tab Acro,0.3048,14
difference,1998,Size σ: Cor Acro,0.5107,8
difference,1998,Size σ: Cor non-Acro,0.3715,13
difference,1998,Size σ: Sm Mass,0.0203,21
difference,1998,Size σ: Lg Mass,0.0406,19
difference,1998,Scaler: Tab Acro,0.0355,20
difference,1998,Scaler: Cor Acro,0.4385,11
difference,1998,Scaler: Cor non-Acro,0.1447,17
difference,1998,Scaler: Sm Mass,-0.0371,23
difference,1998,Scaler: Lg Mass,0.0957,18
difference,1998,External Recruitment,2.1135,2
difference,1998,Self-seeding,2.1219,1
difference,1999,Density,0.0344,22
difference,1999,Prop: Tab Acro,0.0913,18
difference,1999,Prop: Cor Acro,0.538,9
difference,1999,Prop: Cor non-Acro,0.656,6
difference,1999,Prop: Sm Mass,0.5323,10
difference,1999,Prop: Lg Mass,0.4654,12
difference,1999,Size μ: Tab Acro,0.2768,14
difference,1999,Size μ: Cor Acro,1.4888,3
difference,1999,Size μ: Cor non-Acro,0.854,4
difference,1999,Size μ: Sm Mass,0.7551,5
difference,1999,Size μ: Lg Mass,0.6273,7
difference,1999,Size σ: Tab Acro,0.1476,17
difference,1999,Size σ: Cor Acro,0.485,11
difference,1999,Size σ: Cor non-Acro,0.3839,13
difference,1999,Size σ: Sm Mass,0.0492,19
difference,1999,Size σ: Lg Mass,0.0371,20
difference,1999,Scaler: Tab Acro,0.1693,16
difference,1999,Scaler: Cor Acro,0.6076,8
difference,1999,Scaler: Cor non-Acro,0.1832,15
difference,1999,Scaler: Sm Mass,-0.0296,23
difference,1999,Scaler: Lg Mass,0.0367,21
difference,1999,External Recruitment,2.0389,2
difference,1999,Self-seeding,2.0513,1
difference,2000,Density,0.0767,19
difference,2000,Prop: Tab Acro,0.1231,17
difference,2000,Prop: Cor Acro,0.6483,8
difference,2000,Prop: Cor non-Acro,0.5976,9
difference,2000,Prop: Sm Mass,0.5881,10
difference,2000,Prop: Lg Mass,0.5575,11
difference,2000,Size μ: Tab Acro,0.2591,14
difference,2000,Size μ: Cor Acro,1.4271,3
difference,2000,Size μ: Cor non-Acro,0.7462,6
difference,2000,Size μ: Sm Mass,0.8296,4
difference,2000,Size μ: Lg Mass,0.7755,5
difference,2000,Size σ: Tab Acro,0.0986,18
difference,2000,Size σ: Cor Acro,0.4547,12
difference,2000,Size σ: Cor non-Acro,0.3129,13
difference,2000,Size σ: Sm Mass,0.0324,22
difference,2000,Size σ: Lg Mass,0.0742,20
difference,2000,Scaler: Tab Acro,0.164,16
difference,2000,Scaler: Cor Acro,0.6859,7
difference,2000,Scaler: Cor non-Acro,0.2528,15
difference,2000,Scaler: Sm Mass,0.0059,23
difference,2000,Scaler: Lg Mass,0.0517,21
difference,2000,External Recruitment,2.1065,1
difference,2000,Self-seeding,2.0619,2
difference,2001,Density,0.0301,20
difference,2001,Prop: Tab Acro,0.065,18
difference,2001,Prop: Cor Acro,0.7332,7
difference,2001,Prop: Cor non-Acro,0.5442,11
difference,2001,Prop: Sm Mass,0.5977,10
difference,2001,Prop: Lg Mass,0.6333,9
difference,2001,Size μ: Tab Acro,0.2591,14
difference,2001,Size μ: Cor Acro,1.31,3
difference,2001,Size μ: Cor non-Acro,0.6403,8
difference,2001,Size μ: Sm Mass,0.8636,4
difference,2001,Size μ: Lg Mass,0.8163,5
difference,2001,Size σ: Tab Acro,0.0832,17
difference,2001,Size σ: Cor Acro,0.3536,12
difference,2001,Size σ: Cor non-Acro,0.2876,13
difference,2001,Size σ: Sm Mass,0.0473,19
difference,2001,Size σ: Lg Mass,0.0105,22
difference,2001,Scaler: Tab Acro,0.2333,15
difference,2001,Scaler: Cor Acro,0.7339,6
difference,2001,Scaler: Cor non-Acro,0.2206,16
difference,2001,Scaler: Sm Mass,-0.0769,23
difference,2001,Scaler: Lg Mass,0.0271,21
difference,2001,External Recruitment,2.1252,1
difference,2001,Self-seeding,2.0581,2
difference,2002,Density,0.0077,17
difference,2002,Prop: Tab Acro,-0.0063,18
difference,2002,Prop: Cor Acro,0.6983,7
difference,2002,Prop: Cor non-Acro,0.4733,11
difference,2002,Prop: Sm Mass,0.5573,9
difference,2002,Prop: Lg Mass,0.59,8
difference,2002,Size μ: Tab Acro,0.1559,16
difference,2002,Size μ: Cor Acro,1.1481,3
difference,2002,Size μ: Cor non-Acro,0.4825,10
difference,2002,Size μ: Sm Mass,0.8105,5
difference,2002,Size μ: Lg Mass,0.8285,4
difference,2002,Size σ: Tab Acro,-0.0204,20
difference,2002,Size σ: Cor Acro,0.1996,13
difference,2002,Size σ: Cor non-Acro,0.1875,14
difference,2002,Size σ: Sm Mass,-0.0123,19
difference,2002,Size σ: Lg Mass,-0.0388,21
difference,2002,Scaler: Tab Acro,0.2029,12
difference,2002,Scaler: Cor Acro,0.73,6
difference,2002,Scaler: Cor non-Acro,0.16,15
difference,2002,Scaler: Sm Mass,-0.1381,23
difference,2002,Scaler: Lg Mass,-0.0394,22
difference,2002,External Recruitment,2.0311,1
difference,2002,Self-seeding,1.9864,2
difference,2003,Density,0.027,17
difference,2003,Prop: Tab Acro,-0.0181,20
difference,2003,Prop: Cor Acro,0.7382,7
difference,2003,Prop: Cor non-Acro,0.4402,11
difference,2003,Prop: Sm Mass,0.5912,9
difference,2003,Prop: Lg Mass,0.6281,8
difference,2003,Size μ: Tab Acro,0.1596,14
difference,2003,Size μ: Cor Acro,1.0612,3
difference,2003,Size μ: Cor non-Acro,0.4595,10
difference,2003,Size μ: Sm Mass,0.9052,5
difference,2003,Size μ: Lg Mass,0.9435,4
difference,2003,Size σ: Tab Acro,-0.0201,21
difference,2003,Size σ: Cor Acro,0.1269,16
difference,2003,Size σ: Cor non-Acro,0.152,15
difference,2003,Size σ: Sm Mass,-0.0023,18
difference,2003,Size σ: Lg Mass,-0.0178,19
difference,2003,Scaler: Tab Acro,0.2564,12
difference,2003,Scaler: Cor Acro,0.7867,6
difference,2003,Scaler: Cor non-Acro,0.1927,13
difference,2003,Scaler: Sm Mass,-0.1376,23
difference,2003,Scaler: Lg Mass,-0.0286,22
difference,2003,External Recruitment,2.0307,1
difference,2003,Self-seeding,2.0152,2
difference,2004,Density,0.1077,17
difference,2004,Prop: Tab Acro,0.0544,20
difference,2004,Prop: Cor Acro,0.8019,7
difference,2004,Prop: Cor non-Acro,0.539,10
difference,2004,Prop: Sm Mass,0.662,9
difference,2004,Prop: Lg Mass,0.7534,8
difference,2004,Size μ: Tab Acro,0.2015,14
difference,2004,Size μ: Cor Acro,1.0345,5
difference,2004,Size μ: Cor non-Acro,0.4872,11
difference,2004,Size μ: Sm Mass,1.035,4
difference,2004,Size μ: Lg Mass,1.0684,3
difference,2004,Size σ: Tab Acro,0.0289,22
difference,2004,Size σ: Cor Acro,0.1407,16
difference,2004,Size σ: Cor non-Acro,0.1884,15
difference,2004,Size σ: Sm Mass,0.0947,18
difference,2004,Size σ: Lg Mass,0.0553,19
difference,2004,Scaler: Tab Acro,0.3813,12
difference,2004,Scaler: Cor Acro,0.8927,6
difference,2004,Scaler: Cor non-Acro,0.252,13
difference,2004,Scaler: Sm Mass,-0.0444,23
difference,2004,Scaler: Lg Mass,0.0496,21
difference,2004,External Recruitment,2.1207,1
difference,2004,Self-seeding,2.1117,2
difference,2005,Density,0.1011,16
difference,2005,Prop: Tab Acro,-0.0012,20
difference,2005,Prop: Cor Acro,0.7445,7
difference,2005,Prop: Cor non-Acro,0.4694,10
difference,2005,Prop: Sm Mass,0.6319,9
difference,2005,Prop: Lg Mass,0.7225,8
difference,2005,Size μ: Tab Acro,0.1125,14
difference,2005,Size μ: Cor Acro,0.8357,6
difference,2005,Size μ: Cor non-Acro,0.3989,11
difference,2005,Size μ: Sm Mass,1.0215,4
difference,2005,Size μ: Lg Mass,1.09,3
difference,2005,Size σ: Tab Acro,-0.0237,22
difference,2005,Size σ: Cor Acro,0.0628,17
difference,2005,Size σ: Cor non-Acro,0.1014,15
difference,2005,Size σ: Sm Mass,0.0584,18
difference,2005,Size σ: Lg Mass,0.0261,19
difference,2005,Scaler: Tab Acro,0.3529,12
difference,2005,Scaler: Cor Acro,0.852,5
difference,2005,Scaler: Cor non-Acro,0.2193,13
difference,2005,Scaler: Sm Mass,-0.1175,23
difference,2005,Scaler: Lg Mass,-0.0101,21
difference,2005,External Recruitment,2.056,1
difference,2005,Self-seeding,2.0354,2
difference,2006,Density,0.1109,15
difference,2006,Prop: Tab Acro,-0.0378,21
difference,2006,Prop: Cor Acro,0.7549,7
difference,2006,Prop: Cor non-Acro,0.4725,10
difference,2006,Prop: Sm Mass,0.6268,9
difference,2006,Prop: Lg Mass,0.7894,6
difference,2006,Size μ: Tab Acro,0.071,16
difference,2006,Size μ: Cor Acro,0.7341,8
difference,2006,Size μ: Cor non-Acro,0.3736,12
difference,2006,Size μ: Sm Mass,1.0442,4
difference,2006,Size μ: Lg Mass,1.1697,3
difference,2006,Size σ: Tab Acro,-0.0484,22
difference,2006,Size σ: Cor Acro,0.0394,19
difference,2006,Size σ: Cor non-Acro,0.1292,14
difference,2006,Size σ: Sm Mass,0.0488,18
difference,2006,Size σ: Lg Mass,0.0576,17
difference,2006,Scaler: Tab Acro,0.3798,11
difference,2006,Scaler: Cor Acro,0.8468,5
difference,2006,Scaler: Cor non-Acro,0.2061,13
difference,2006,Scaler: Sm Mass,-0.1103,23
difference,2006,Scaler: Lg Mass,-0.016,20
difference,2006,External Recruitment,2.0734,1
difference,2006,Self-seeding,2.0203,2
difference,2007,Density,0.2122,14
difference,2007,Prop: Tab Acro,0.0407,21
difference,2007,Prop: Cor Acro,0.8079,7
difference,2007,Prop: Cor non-Acro,0.534,10
difference,2007,Prop: Sm Mass,0.7227,8
difference,2007,Prop: Lg Mass,0.8794,5
difference,2007,Size μ: Tab Acro,0.0872,19
difference,2007,Size μ: Cor Acro,0.6809,9
difference,2007,Size μ: Cor non-Acro,0.3994,12
difference,2007,Size μ: Sm Mass,1.1662,4
difference,2007,Size μ: Lg Mass,1.3312,3
difference,2007,Size σ: Tab Acro,0.0217,22
difference,2007,Size σ: Cor Acro,0.0982,18
difference,2007,Size σ: Cor non-Acro,0.196,15
difference,2007,Size σ: Sm Mass,0.137,16
difference,2007,Size σ: Lg Mass,0.1217,17
difference,2007,Scaler: Tab Acro,0.4638,11
difference,2007,Scaler: Cor Acro,0.8737,6
difference,2007,Scaler: Cor non-Acro,0.289,13
difference,2007,Scaler: Sm Mass,-0.0523,23
difference,2007,Scaler: Lg Mass,0.0858,20
difference,2007,External Recruitment,2.1431,1
difference,2007,Self-seeding,2.0976,2
difference,2008,Density,0.216,14
difference,2008,Prop: Tab Acro,0.0208,21
difference,2008,Prop: Cor Acro,0.7522,7
difference,2008,Prop: Cor non-Acro,0.5001,10
difference,2008,Prop: Sm Mass,0.7188,8
difference,2008,Prop: Lg Mass,0.873,5
difference,2008,Size μ: Tab Acro,0.0243,20
difference,2008,Size μ: Cor Acro,0.5487,9
difference,2008,Size μ: Cor non-Acro,0.3672,12
difference,2008,Size μ: Sm Mass,1.1647,4
difference,2008,Size μ: Lg Mass,1.3626,3
difference,2008,Size σ: Tab Acro,-0.0172,22
difference,2008,Size σ: Cor Acro,0.0271,19
difference,2008,Size σ: Cor non-Acro,0.1753,15
difference,2008,Size σ: Sm Mass,0.0844,16
difference,2008,Size σ: Lg Mass,0.0796,17
difference,2008,Scaler: Tab Acro,0.451,11
difference,2008,Scaler: Cor Acro,0.7956,6
difference,2008,Scaler: Cor non-Acro,0.2829,13
difference,2008,Scaler: Sm Mass,-0.0948,23
difference,2008,Scaler: Lg Mass,0.0459,18
difference,2008,External Recruitment,2.1037,1
difference,2008,Self-seeding,2.0667,2
difference,2009,Density,0.1599,14
difference,2009,Prop: Tab Acro,-0.0538,19
difference,2009,Prop: Cor Acro,0.6223,8
difference,2009,Prop: Cor non-Acro,0.4463,9
difference,2009,Prop: Sm Mass,0.6336,7
difference,2009,Prop: Lg Mass,0.8104,5
difference,2009,Size μ: Tab Acro,-0.0679,20
difference,2009,Size μ: Cor Acro,0.4038,10
difference,2009,Size μ: Cor non-Acro,0.2579,12
difference,2009,Size μ: Sm Mass,1.1334,4
difference,2009,Size μ: Lg Mass,1.3311,3
difference,2009,Size σ: Tab Acro,-0.0921,21
difference,2009,Size σ: Cor Acro,-0.0941,22
difference,2009,Size σ: Cor non-Acro,0.0771,15
difference,2009,Size σ: Sm Mass,0.0124,17
difference,2009,Size σ: Lg Mass,0.0334,16
difference,2009,Scaler: Tab Acro,0.4024,11
difference,2009,Scaler: Cor Acro,0.7014,6
difference,2009,Scaler: Cor non-Acro,0.23,13
difference,2009,Scaler: Sm Mass,-0.1788,23
difference,2009,Scaler: Lg Mass,-0.031,18
difference,2009,External Recruitment,2.0168,1
difference,2009,Self-seeding,1.9918,2
difference,2010,Density,0.258,14
difference,2010,Prop: Tab Acro,0.0396,18
difference,2010,Prop: Cor Acro,0.6772,8
difference,2010,Prop: Cor non-Acro,0.5143,9
difference,2010,Prop: Sm Mass,0.7171,7
difference,2010,Prop: Lg Mass,0.8902,5
difference,2010,Size μ: Tab Acro,-0.0182,20
difference,2010,Size μ: Cor Acro,0.4273,11
difference,2010,Size μ: Cor non-Acro,0.3386,12
difference,2010,Size μ: Sm Mass,1.2078,4
difference,2010,Size μ: Lg Mass,1.4319,3
difference,2010,Size σ: Tab Acro,-0.0191,21
difference,2010,Size σ: Cor Acro,-0.0343,22
difference,2010,Size σ: Cor non-Acro,0.1197,16
difference,2010,Size σ: Sm Mass,0.1092,17
difference,2010,Size σ: Lg Mass,0.1223,15
difference,2010,Scaler: Tab Acro,0.4891,10
difference,2010,Scaler: Cor Acro,0.7628,6
difference,2010,Scaler: Cor non-Acro,0.3162,13
difference,2010,Scaler: Sm Mass,-0.0932,23
difference,2010,Scaler: Lg Mass,0.0114,19
difference,2010,External Recruitment,2.0962,1
difference,2010,Self-seeding,2.067,2
difference,2011,Density,0.1962,14
difference,2011,Prop: Tab Acro,-0.0008,18
difference,2011,Prop: Cor Acro,0.5617,8
difference,2011,Prop: Cor non-Acro,0.4206,9
difference,2011,Prop: Sm Mass,0.6354,7
difference,2011,Prop: Lg Mass,0.8437,5
difference,2011,Size μ: Tab Acro,-0.0627,19
difference,2011,Size μ: Cor Acro,0.3181,11
difference,2011,Size μ: Cor non-Acro,0.2641,12
difference,2011,Size μ: Sm Mass,1.1184,4
difference,2011,Size μ: Lg Mass,1.3937,3
difference,2011,Size σ: Tab Acro,-0.0756,21
difference,2011,Size σ: Cor Acro,-0.1272,22
difference,2011,Size σ: Cor non-Acro,0.0425,16
difference,2011,Size σ: Sm Mass,0.043,15
difference,2011,Size σ: Lg Mass,0.037,17
difference,2011,Scaler: Tab Acro,0.4121,10
difference,2011,Scaler: Cor Acro,0.6749,6
difference,2011,Scaler: Cor non-Acro,0.2437,13
difference,2011,Scaler: Sm Mass,-0.1547,23
difference,2011,Scaler: Lg Mass,-0.0727,20
difference,2011,External Recruitment,2.0207,1
difference,2011,Self-seeding,1.9961,2
difference,2012,Density,0.23,14
difference,2012,Prop: Tab Acro,0.0166,18
difference,2012,Prop: Cor Acro,0.557,8
difference,2012,Prop: Cor non-Acro,0.4584,9
difference,2012,Prop: Sm Mass,0.6274,7
difference,2012,Prop: Lg Mass,0.8548,5
difference,2012,Size μ: Tab Acro,-0.0901,21
difference,2012,Size μ: Cor Acro,0.2404,13
difference,2012,Size μ: Cor non-Acro,0.2529,11
difference,2012,Size μ: Sm Mass,1.1385,4
difference,2012,Size μ: Lg Mass,1.4308,3
difference,2012,Size σ: Tab Acro,-0.0872,20
difference,2012,Size σ: Cor Acro,-0.1536,22
difference,2012,Size σ: Cor non-Acro,0.0215,17
difference,2012,Size σ: Sm Mass,0.044,16
difference,2012,Size σ: Lg Mass,0.0464,15
difference,2012,Scaler: Tab Acro,0.4015,10
difference,2012,Scaler: Cor Acro,0.6291,6
difference,2012,Scaler: Cor non-Acro,0.2407,12
difference,2012,Scaler: Sm Mass,-0.1557,23
difference,2012,Scaler: Lg Mass,-0.071,19
difference,2012,External Recruitment,2.0154,1
difference,2012,Self-seeding,2.0002,2
difference,2013,Density,0.3032,12
difference,2013,Prop: Tab Acro,0.105,15
difference,2013,Prop: Cor Acro,0.5868,8
difference,2013,Prop: Cor non-Acro,0.5176,9
difference,2013,Prop: Sm Mass,0.6604,6
difference,2013,Prop: Lg Mass,0.933,5
difference,2013,Size μ: Tab Acro,-0.0207,20
difference,2013,Size μ: Cor Acro,0.2398,14
difference,2013,Size μ: Cor non-Acro,0.3102,11
difference,2013,Size μ: Sm Mass,1.2215,4
difference,2013,Size μ: Lg Mass,1.5096,3
difference,2013,Size σ: Tab Acro,-0.0389,21
difference,2013,Size σ: Cor Acro,-0.1017,22
difference,2013,Size σ: Cor non-Acro,0.0583,18
difference,2013,Size σ: Sm Mass,0.0958,16
difference,2013,Size σ: Lg Mass,0.0839,17
difference,2013,Scaler: Tab Acro,0.448,10
difference,2013,Scaler: Cor Acro,0.6374,7
difference,2013,Scaler: Cor non-Acro,0.303,13
difference,2013,Scaler: Sm Mass,-0.106,23
difference,2013,Scaler: Lg Mass,-0.0108,19
difference,2013,External Recruitment,2.0644,1
difference,2013,Self-seeding,2.0578,2
difference,2014,Density,0.4229,11
difference,2014,Prop: Tab Acro,0.2106,15
difference,2014,Prop: Cor Acro,0.6541,8
difference,2014,Prop: Cor non-Acro,0.6126,9
difference,2014,Prop: Sm Mass,0.737,6
difference,2014,Prop: Lg Mass,1.0323,5
difference,2014,Size μ: Tab Acro,0.0659,19
difference,2014,Size μ: Cor Acro,0.2963,14
difference,2014,Size μ: Cor non-Acro,0.3807,13
difference,2014,Size μ: Sm Mass,1.3322,4
difference,2014,Size μ: Lg Mass,1.6433,3
difference,2014,Size σ: Tab Acro,0.0371,21
difference,2014,Size σ: Cor Acro,-0.0132,22
difference,2014,Size σ: Cor non-Acro,0.1406,18
difference,2014,Size σ: Sm Mass,0.1857,16
difference,2014,Size σ: Lg Mass,0.1832,17
difference,2014,Scaler: Tab Acro,0.5281,10
difference,2014,Scaler: Cor Acro,0.6886,7
difference,2014,Scaler: Cor non-Acro,0.4219,12
difference,2014,Scaler: Sm Mass,-0.025,23
difference,2014,Scaler: Lg Mass,0.0617,20
difference,2014,External Recruitment,2.1331,2
difference,2014,Self-seeding,2.1395,1
difference,2015,Density,0.3573,11
difference,2015,Prop: Tab Acro,0.1314,15
difference,2015,Prop: Cor Acro,0.5341,8
difference,2015,Prop: Cor non-Acro,0.5184,9
difference,2015,Prop: Sm Mass,0.6591,6
difference,2015,Prop: Lg Mass,0.9458,5
difference,2015,Size μ: Tab Acro,-0.0492,20
difference,2015,Size μ: Cor Acro,0.1724,14
difference,2015,Size μ: Cor non-Acro,0.2872,13
difference,2015,Size μ: Sm Mass,1.2303,4
difference,2015,Size μ: Lg Mass,1.5768,3
difference,2015,Size σ: Tab Acro,-0.0575,21
difference,2015,Size σ: Cor Acro,-0.1049,22
difference,2015,Size σ: Cor non-Acro,0.043,18
difference,2015,Size σ: Sm Mass,0.0807,17
difference,2015,Size σ: Lg Mass,0.0913,16
difference,2015,Scaler: Tab Acro,0.4219,10
difference,2015,Scaler: Cor Acro,0.5352,7
difference,2015,Scaler: Cor non-Acro,0.3538,12
difference,2015,Scaler: Sm Mass,-0.1243,23
difference,2015,Scaler: Lg Mass,-0.0128,19
difference,2015,External Recruitment,2.0542,1
difference,2015,Self-seeding,2.0228,2
difference,2016,Density,0.359,12
difference,2016,Prop: Tab Acro,0.1236,15
difference,2016,Prop: Cor Acro,0.5091,7
difference,2016,Prop: Cor non-Acro,0.5081,8
difference,2016,Prop: Sm Mass,0.6429,6
difference,2016,Prop: Lg Mass,0.9342,5
difference,2016,Size μ: Tab Acro,-0.0717,20
difference,2016,Size μ: Cor Acro,0.1292,14
difference,2016,Size μ: Cor non-Acro,0.2552,13
difference,2016,Size μ: Sm Mass,1.2376,4
difference,2016,Size μ: Lg Mass,1.5955,3
difference,2016,Size σ: Tab Acro,-0.0875,21
difference,2016,Size σ: Cor Acro,-0.1299,22
difference,2016,Size σ: Cor non-Acro,0.0406,18
difference,2016,Size σ: Sm Mass,0.068,17
difference,2016,Size σ: Lg Mass,0.075,16
difference,2016,Scaler: Tab Acro,0.3906,10
difference,2016,Scaler: Cor Acro,0.5028,9
difference,2016,Scaler: Cor non-Acro,0.3616,11
difference,2016,Scaler: Sm Mass,-0.1426,23
difference,2016,Scaler: Lg Mass,-0.0514,19
difference,2016,External Recruitment,2.0385,1
difference,2016,Self-seeding,2.0231,2
difference,2017,Density,0.3946,11
difference,2017,Prop: Tab Acro,0.0551,18
difference,2017,Prop: Cor Acro,0.4891,9
difference,2017,Prop: Cor non-Acro,0.6068,7
difference,2017,Prop: Sm Mass,0.632,6
difference,2017,Prop: Lg Mass,0.8944,5
difference,2017,Size μ: Tab Acro,0.0071,19
difference,2017,Size μ: Cor Acro,0.0847,15
difference,2017,Size μ: Cor non-Acro,0.3747,12
difference,2017,Size μ: Sm Mass,1.2452,4
difference,2017,Size μ: Lg Mass,1.5107,3
difference,2017,Size σ: Tab Acro,-0.0773,21
difference,2017,Size σ: Cor Acro,-0.1297,23
difference,2017,Size σ: Cor non-Acro,0.0879,14
difference,2017,Size σ: Sm Mass,0.0694,17
difference,2017,Size σ: Lg Mass,0.0802,16
difference,2017,Scaler: Tab Acro,0.1535,13
difference,2017,Scaler: Cor Acro,0.504,8
difference,2017,Scaler: Cor non-Acro,0.4514,10
difference,2017,Scaler: Sm Mass,-0.1133,22
difference,2017,Scaler: Lg Mass,0.003,20
difference,2017,External Recruitment,2.099,1
difference,2017,Self-seeding,2.0318,2
difference,2018,Density,0.47,11
difference,2018,Prop: Tab Acro,0.0996,17
difference,2018,Prop: Cor Acro,0.5557,9
difference,2018,Prop: Cor non-Acro,0.6137,8
difference,2018,Prop: Sm Mass,0.6564,6
difference,2018,Prop: Lg Mass,0.9708,5
difference,2018,Size μ: Tab Acro,0.0455,19
difference,2018,Size μ: Cor Acro,0.1177,14
difference,2018,Size μ: Cor non-Acro,0.366,12
difference,2018,Size μ: Sm Mass,1.2833,4
difference,2018,Size μ: Lg Mass,1.6198,3
difference,2018,Size σ: Tab Acro,-0.0101,21
difference,2018,Size σ: Cor Acro,-0.0681,22
difference,2018,Size σ: Cor non-Acro,0.0866,18
difference,2018,Size σ: Sm Mass,0.1062,16
difference,2018,Size σ: Lg Mass,0.1162,15
difference,2018,Scaler: Tab Acro,0.1967,13
difference,2018,Scaler: Cor Acro,0.6139,7
difference,2018,Scaler: Cor non-Acro,0.5005,10
difference,2018,Scaler: Sm Mass,-0.0712,23
difference,2018,Scaler: Lg Mass,0.0404,20
difference,2018,External Recruitment,2.1249,1
difference,2018,Self-seeding,2.0711,2
difference,2019,Density,0.5218,11
difference,2019,Prop: Tab Acro,0.1398,16
difference,2019,Prop: Cor Acro,0.6129,9
difference,2019,Prop: Cor non-Acro,0.625,8
difference,2019,Prop: Sm Mass,0.685,6
difference,2019,Prop: Lg Mass,1.025,5
difference,2019,Size μ: Tab Acro,0.0587,20
difference,2019,Size μ: Cor Acro,0.1701,14
difference,2019,Size μ: Cor non-Acro,0.3532,12
difference,2019,Size μ: Sm Mass,1.311,4
difference,2019,Size μ: Lg Mass,1.6989,3
difference,2019,Size σ: Tab Acro,0.0388,21
difference,2019,Size σ: Cor Acro,-0.0339,22
difference,2019,Size σ: Cor non-Acro,0.1123,18
difference,2019,Size σ: Sm Mass,0.126,17
difference,2019,Size σ: Lg Mass,0.163,15
difference,2019,Scaler: Tab Acro,0.2252,13
difference,2019,Scaler: Cor Acro,0.6652,7
difference,2019,Scaler: Cor non-Acro,0.5254,10
difference,2019,Scaler: Sm Mass,-0.0379,23
difference,2019,Scaler: Lg Mass,0.0757,19
difference,2019,External Recruitment,2.1296,1
difference,2019,Self-seeding,2.0894,2
difference,2020,Density,0.4073,10
difference,2020,Prop: Tab Acro,0.012,16
difference,2020,Prop: Cor Acro,0.4813,8
difference,2020,Prop: Cor non-Acro,0.4808,9
difference,2020,Prop: Sm Mass,0.552,6
difference,2020,Prop: Lg Mass,0.9207,5
difference,2020,Size μ: Tab Acro,-0.0881,20
difference,2020,Size μ: Cor Acro,0.0388,14
difference,2020,Size μ: Cor non-Acro,0.2065,12
difference,2020,Size μ: Sm Mass,1.1789,4
difference,2020,Size μ: Lg Mass,1.5953,3
difference,2020,Size σ: Tab Acro,-0.0971,21
difference,2020,Size σ: Cor Acro,-0.1473,22
difference,2020,Size σ: Cor non-Acro,-0.0111,18
difference,2020,Size σ: Sm Mass,0.0053,17
difference,2020,Size σ: Lg Mass,0.0201,15
difference,2020,Scaler: Tab Acro,0.0877,13
difference,2020,Scaler: Cor Acro,0.54,7
difference,2020,Scaler: Cor non-Acro,0.4017,11
difference,2020,Scaler: Sm Mass,-0.1711,23
difference,2020,Scaler: Lg Mass,-0.071,19
difference,2020,External Recruitment,1.9735,1
difference,2020,Self-seeding,1.9557,2
difference,2021,Density,0.5138,10
difference,2021,Prop: Tab Acro,0.1102,15
difference,2021,Prop: Cor Acro,0.5648,8
difference,2021,Prop: Cor non-Acro,0.5535,9
difference,2021,Prop: Sm Mass,0.6193,7
difference,2021,Prop: Lg Mass,1.0113,5
difference,2021,Size μ: Tab Acro,-0.021,21
difference,2021,Size μ: Cor Acro,0.0832,17
difference,2021,Size μ: Cor non-Acro,0.2988,12
difference,2021,Size μ: Sm Mass,1.2985,4
difference,2021,Size μ: Lg Mass,1.7029,3
difference,2021,Size σ: Tab Acro,-0.0051,20
difference,2021,Size σ: Cor Acro,-0.0821,22
difference,2021,Size σ: Cor non-Acro,0.0689,18
difference,2021,Size σ: Sm Mass,0.0936,16
difference,2021,Size σ: Lg Mass,0.1111,14
difference,2021,Scaler: Tab Acro,0.1951,13
difference,2021,Scaler: Cor Acro,0.6209,6
difference,2021,Scaler: Cor non-Acro,0.4947,11
difference,2021,Scaler: Sm Mass,-0.0826,23
difference,2021,Scaler: Lg Mass,0.0119,19
difference,2021,External Recruitment,2.061,1
difference,2021,Self-seeding,2.0397,2
difference,2022,Density,0.4773,10
difference,2022,Prop: Tab Acro,0.0665,14
difference,2022,Prop: Cor Acro,0.5034,9
difference,2022,Prop: Cor non-Acro,0.5191,8
difference,2022,Prop: Sm Mass,0.5609,6
difference,2022,Prop: Lg Mass,0.96,5
difference,2022,Size μ: Tab Acro,-0.0708,21
difference,2022,Size μ: Cor Acro,0.0277,17
difference,2022,Size μ: Cor non-Acro,0.2261,12
difference,2022,Size μ: Sm Mass,1.2427,4
difference,2022,Size μ: Lg Mass,1.6843,3
difference,2022,Size σ: Tab Acro,-0.0669,20
difference,2022,Size σ: Cor Acro,-0.1169,22
difference,2022,Size σ: Cor non-Acro,0.0095,18
difference,2022,Size σ: Sm Mass,0.0466,16
difference,2022,Size σ: Lg Mass,0.0628,15
difference,2022,Scaler: Tab Acro,0.1652,13
difference,2022,Scaler: Cor Acro,0.5474,7
difference,2022,Scaler: Cor non-Acro,0.4525,11
difference,2022,Scaler: Sm Mass,-0.1411,23
difference,2022,Scaler: Lg Mass,-0.0531,19
difference,2022,External Recruitment,2.0134,1
difference,2022,Self-seeding,1.9772,2
difference,2023,Density,0.5061,10
difference,2023,Prop: Tab Acro,0.098,14
difference,2023,Prop: Cor Acro,0.5073,9
difference,2023,Prop: Cor non-Acro,0.526,8
difference,2023,Prop: Sm Mass,0.5622,6
difference,2023,Prop: Lg Mass,0.9771,5
difference,2023,Size μ: Tab Acro,-0.0839,21
difference,2023,Size μ: Cor Acro,0.021,17
difference,2023,Size μ: Cor non-Acro,0.2341,12
difference,2023,Size μ: Sm Mass,1.2294,4
difference,2023,Size μ: Lg Mass,1.7039,3
difference,2023,Size σ: Tab Acro,-0.0773,20
difference,2023,Size σ: Cor Acro,-0.1257,22
difference,2023,Size σ: Cor non-Acro,0.0051,18
difference,2023,Size σ: Sm Mass,0.0462,16
difference,2023,Size σ: Lg Mass,0.0646,15
difference,2023,Scaler: Tab Acro,0.1869,13
difference,2023,Scaler: Cor Acro,0.54,7
difference,2023,Scaler: Cor non-Acro,0.4825,11
difference,2023,Scaler: Sm Mass,-0.126,23
difference,2023,Scaler: Lg Mass,-0.0432,19
difference,2023,External Recruitment,2.0089,1
difference,2023,Self-seeding,1.987,2
