data_type,domain_category,domain_name,report_year,date,variable,median,lower,upper,project_code,depth,reef_zone,shelf,mean,series
"manta","reef","Moore Reef",1989,"1989.13150684931506848","HC",12.258959384188437,10.355813359118681,14.319471989494767,"LTMP",9,"_","Various",12.279252762477395,"9.0m"
"manta","reef","Moore Reef",1990,"1989.9452054794520548","HC",20.590337945571445,17.287217349735837,24.09158248078028,"LTMP",9,"_","Various",20.615784738056483,"9.0m"
"manta","reef","Moore Reef",1994,"1994.12602739726027398","HC",11.424281563007902,9.34436500199641,13.706943407101177,"LTMP",9,"_","Various",11.45038690794165,"9.0m"
"manta","reef","Moore Reef",1997,"1997.3315068493150685","HC",16.5591461316018,13.752802227530658,19.572868329621677,"LTMP",9,"_","Various",16.58580212897142,"9.0m"
"manta","reef","Moore Reef",2000,"2000.0958904109589041","HC",15.137517477354073,12.529088118795734,17.953180682396688,"LTMP",9,"_","Various",15.164166104837252,"9.0m"
"manta","reef","Moore Reef",2006,"2005.9041095890410958","HC",13.97149315518014,11.581770115068029,16.559372083897237,"LTMP",9,"_","Various",13.996992742614967,"9.0m"
"manta","reef","Moore Reef",2007,"2007.052054794520547946","HC",14.725737190385171,12.092937702835714,17.57811501213791,"LTMP",9,"_","Various",14.753963268104823,"9.0m"
"manta","reef","Moore Reef",2010,"2009.9041095890410958","HC",14.456198813545576,11.961775906013502,17.154755533558646,"LTMP",9,"_","Various",14.482457463831786,"9.0m"
"manta","reef","Moore Reef",2012,"2012.14520547945205478","HC",13.580861110224824,11.237940152355405,16.122654174190178,"LTMP",9,"_","Various",13.606454881403584,"9.0m"
"manta","reef","Moore Reef",2014,"2014.19452054794520549","HC",15.861831947333934,13.3952448684562,18.50349357932899,"LTMP",9,"_","Various",15.884367440811415,"9.0m"
"manta","reef","Moore Reef",2016,"2015.9397260273972603","HC",17.476177832836207,14.909955687668006,20.20549147398068,"LTMP",9,"_","Various",17.49717018058813,"9.0m"
"manta","reef","Moore Reef",2018,"2017.9671232876712329","HC",11.139844875585386,9.124120586814671,13.353466787910223,"LTMP",9,"_","Various",11.165332939034537,"9.0m"
"manta","reef","Moore Reef",2020,"2020.12876712328767123","HC",10.502792625100069,8.755852746481393,12.414363872287394,"LTMP",9,"_","Various",10.524028202668175,"9.0m"
"manta","reef","Moore Reef",2021,"2021.06301369863013699","HC",13.181607227552911,10.969369868683595,15.580588695351002,"LTMP",9,"_","Various",13.205654840423989,"9.0m"