year,reef,dhw
1986,Moore Reef,0
1987,Moore Reef,5.39
1988,Moore Reef,0
1989,Moore Reef,1.1
1990,Moore Reef,0
1991,Moore Reef,0
1992,Moore Reef,0
1993,Moore Reef,0
1994,Moore Reef,2.66
1995,Moore Reef,2.13
1996,Moore Reef,1.23
1997,Moore Reef,0
1998,Moore Reef,0.29
1999,Moore Reef,1.31
2000,Moore Reef,0
2001,Moore Reef,1.21
2002,Moore Reef,1.87
2003,Moore Reef,0
2004,Moore Reef,1.65
2005,Moore Reef,0.64
2006,Moore Reef,0.76
2007,Moore Reef,0
2008,Moore Reef,0
2009,Moore Reef,2.32
2010,Moore Reef,1.22
2011,Moore Reef,1.7
2012,Moore Reef,0.47
2013,Moore Reef,2.79
2014,Moore Reef,0
2015,Moore Reef,1.86
2016,Moore Reef,3.01
2017,Moore Reef,10.7
2018,Moore Reef,0.15
2019,Moore Reef,0.72
2020,Moore Reef,5.6
2021,Moore Reef,0.61
2022,Moore Reef,4.5
2023,Moore Reef,0.78
2024,Moore Reef,7.17
2025,Moore Reef,6.53
